{"options":{"awareOfChrome":false,"check_for_updates":true,"comment":null,"compat_arrayleft":false,"compat_foreach":false,"compat_forvarin":false,"compat_metadata":false,"compat_uW_gmonkey":false,"compat_wrappedjsobject":false,"compatopts_for_requires":true,"noframes":null,"override":{"merge_connects":true,"merge_excludes":true,"merge_includes":true,"merge_matches":true,"orig_connects":[],"orig_excludes":[],"orig_includes":["*://www.iqiyi.com/*","*://video.tudou.com/v/*"],"orig_matches":["https://s.taobao.com/*","https://list.tmall.com/*","https://list.tmall.hk/*","https://detail.tmall.hk/*","https://detail.tmall.com/*","https://item.taobao.com/*","https://chaoshi.detail.tmall.com/*","*://www.wasu.cn/Play/show/id/*","*://vip.kankan.com/vod/*","*://tv.sohu.com/v/*","*://vip.1905.com/play/*","*://tv.sohu.com/v/*","*://v.qq.com/x/cover/*","*://v.qq.com/x/page/*","*://v.youku.com/v_show/*","*://www.mgtv.com/b/*","*://www.le.com/ptv/vplay/*","*://v.pptv.com/show/*","*://pan.baidu.com/disk/home*","*://yun.baidu.com/disk/home*","*://pan.baidu.com/s/*","*://yun.baidu.com/s/*","*://pan.baidu.com/share/link?*","*://yun.baidu.com/share/link?*","*://eyun.baidu.com/s/*","*://eyun.baidu.com/enterprise/*","*://www.kuwo.cn/*","*://www.kugou.com/*","*://music.taihe.com/*","*://www.1ting.com/*","*://www.app-echo.com/*","*://y.qq.com/*","*://www.djkk.com/*","*://www.yue365.com/*","*://music.163.com/*","*://lebo.taihe.com/*","*://yinmusic.taihe.com/*","*://www.9ku.com/*","*://www.9sky.com/*","*://www.yue365.com/*","*://www.xiami.com/*","*://www.vvvdj.com/*","*://www.5ydj.com/*","*://www.dj97.com/*","*://www.dj520.com/*","*://www.ik123.com/*","*://www.djhaiba.com/*","*://www.djye.com/*","*://www.y2002.com/*","*://www.yinyuetai.com/*","*://music.youku.com/*","*://music.tudou.com/*","*://music.iqiyi.com/*","*://v.qq.com/music/*","*://music.le.com/*"],"orig_noframes":null,"orig_run_at":"document-end","use_blockers":[],"use_connects":["lingquvip.com","vephp.com"],"use_excludes":[],"use_includes":[],"use_matches":[]},"run_at":null},"settings":{"enabled":true,"position":22},"meta":{"name":"​永久免费更新百度网盘超级账号百度云直接下载助手直链加速支持迅雷+VIP视频在线解析破解去广告+领取支付宝大额红包+【一键领取】淘宝、京东、拼多多大额优惠券、购物立省80%！2019.8.26加强版","uuid":"c34f988f-00a5-4a89-b164-282659242709","modified":1566778864297,"file_url":"https://greasyfork.org/scripts/369221-%E6%B0%B8%E4%B9%85%E5%85%8D%E8%B4%B9%E6%9B%B4%E6%96%B0%E7%99%BE%E5%BA%A6%E7%BD%91%E7%9B%98%E8%B6%85%E7%BA%A7%E8%B4%A6%E5%8F%B7%E7%99%BE%E5%BA%A6%E4%BA%91%E7%9B%B4%E6%8E%A5%E4%B8%8B%E8%BD%BD%E5%8A%A9%E6%89%8B%E7%9B%B4%E9%93%BE%E5%8A%A0%E9%80%9F%E6%94%AF%E6%8C%81%E8%BF%85%E9%9B%B7-vip%E8%A7%86%E9%A2%91%E5%9C%A8%E7%BA%BF%E8%A7%A3%E6%9E%90%E7%A0%B4%E8%A7%A3%E5%8E%BB%E5%B9%BF%E5%91%8A-%E4%B8%80%E7%AB%99%E5%BC%8F%E9%9F%B3%E4%B9%90%E4%B8%8B%E8%BD%BD-%E4%B8%80%E9%94%AE%E9%A2%86%E5%8F%96%E6%B7%98%E5%AE%9D-%E4%BA%AC%E4%B8%9C-%E6%8B%BC%E5%A4%9A%E5%A4%9A%E5%A4%A7%E9%A2%9D%E4%BC%98%E6%83%A0%E5%88%B8-%E8%B4%AD%E7%89%A9%E7%AB%8B%E7%9C%8180-2019-5-14%E5%8A%A0%E5%BC%BA%E7%89%88/code/%E6%B0%B8%E4%B9%85%E5%85%8D%E8%B4%B9%E6%9B%B4%E6%96%B0%E7%99%BE%E5%BA%A6%E7%BD%91%E7%9B%98%E8%B6%85%E7%BA%A7%E8%B4%A6%E5%8F%B7%E7%99%BE%E5%BA%A6%E4%BA%91%E7%9B%B4%E6%8E%A5%E4%B8%8B%E8%BD%BD%E5%8A%A9%E6%89%8B%E7%9B%B4%E9%93%BE%E5%8A%A0%E9%80%9F%E6%94%AF%E6%8C%81%E8%BF%85%E9%9B%B7+%E2%80%8BVIP%E8%A7%86%E9%A2%91%E5%9C%A8%E7%BA%BF%E8%A7%A3%E6%9E%90%E7%A0%B4%E8%A7%A3%E5%8E%BB%E5%B9%BF%E5%91%8A+%E4%B8%80%E7%AB%99%E5%BC%8F%E9%9F%B3%E4%B9%90%E4%B8%8B%E8%BD%BD+%E4%B8%80%E9%94%AE%E9%A2%86%E5%8F%96%E6%B7%98%E5%AE%9D%E3%80%81%E4%BA%AC%E4%B8%9C%E3%80%81%E6%8B%BC%E5%A4%9A%E5%A4%9A%E5%A4%A7%E9%A2%9D%E4%BC%98%E6%83%A0%E5%88%B8%E3%80%81%E8%B4%AD%E7%89%A9%E7%AB%8B%E7%9C%8180%25%EF%BC%812019514%E5%8A%A0%E5%BC%BA%E7%89%88.user.js"}}