{"data":{"CatPW":"o{\"date\":\"2019/8/26\",\"sCode\":\"\",\"unPW\":\"\",\"Src\":\"https://pan.baidu.com/s/1nnJUeAvTG7leinbIIkGimw\",\"surl\":\"\",\"Hash\":\"#44xf\",\"webSrc\":\"http%3A%2F%2Fwww.zhuixinfan.com%2Fmain.php%3Fmod%3Dviewresource%26sid%3D10622\",\"webTitle\":\"%E8%BD%AE%E5%88%B0%E4%BD%A0%E4%BA%86%EF%BC%88Anata%20no%20Ban%20Desu%EF%BC%89%E7%94%B5%E5%BD%B1%7C%E8%B5%84%E6%BA%90%E4%B8%8B%E8%BD%BD%2C%E5%9C%A8%E7%BA%BF%E8%A7%82%E7%9C%8B%2C%E5%AD%97%E5%B9%95%E4%B8%8B%E8%BD%BD%7C%E6%B5%B7%E7%9B%97%E7%BE%8E%E5%89%A7%20-%20HDmeiju.com%20%7C%20%E6%9C%80%E5%85%A8%E7%9A%84%E7%BE%8E%E5%89%A7%E4%B8%8B%E8%BD%BD%E4%B8%AD%E5%BF%83%20-%20Powered%20by%20Discuz!\"}","CatPW_Manage":"o{\"StorageSave\":true,\"UpdataConfig\":{\"UpdataSave\":true,\"UpdataNotify\":true,\"UpdataPlugin\":true,\"UpdataVersion\":\"3.12.6\"},\"StorageExp\":365}"},"ts":1566785703567}