{"options":{"awareOfChrome":false,"check_for_updates":true,"comment":null,"compat_arrayleft":false,"compat_foreach":false,"compat_forvarin":false,"compat_metadata":false,"compat_uW_gmonkey":false,"compat_wrappedjsobject":false,"compatopts_for_requires":true,"noframes":null,"override":{"merge_connects":true,"merge_excludes":true,"merge_includes":true,"merge_matches":true,"orig_connects":[],"orig_excludes":[],"orig_includes":[],"orig_matches":["https://www.taobao.com/favicon.ico","http*://2.taobao.com/*","http*://s.2.taobao.com/*","http*://trade.2.taobao.com/*"],"orig_noframes":null,"orig_run_at":"document-idle","use_blockers":[],"use_connects":[],"use_excludes":[],"use_includes":[],"use_matches":[]},"run_at":null},"settings":{"enabled":true,"position":17},"meta":{"name":"闲鱼搜索框","uuid":"5265e828-ee86-4d03-9e9c-94a46b3c3a96","modified":1564622584027,"file_url":"https://greasyfork.org/scripts/32893-%E9%97%B2%E9%B1%BC%E6%90%9C%E7%B4%A2%E6%A1%86/code/%E9%97%B2%E9%B1%BC%E6%90%9C%E7%B4%A2%E6%A1%86.user.js"}}