{"data":{"init_window_url":"s","plugin_code":"s","plugin_pickup_time":"s","pull_website_time":"n1553738334849","pull_websites":"s{\"html_cue_douban_book\":\"<div><span style='color:#000;'><img style='width:13px;vertical-align:middle;padding-right:4px;' src='http://www.quzhuanpan.com/media/image/plugin/book.png'>电子书传送：</span><a style='display:inline-block;' href='http://www.quzhuanpan.com/source/search.action?q=@' target='_blank' style=''>去转盘网</a><span style='padding:0px 5px;color: #000;'>|</span><a style='display:inline-block;' href='http://mebook.cc/?s=@' target='_blank' style=''>我的小书屋</a><span style='padding:0px 5px;color: #000;'>|</span><a style='display:inline-block;' href='https://bookfere.com/?s=@&post_type=post' target='_blank' style=''>书伴</a><span style='padding:0px 5px;color: #000;'>|</span><a style='display:inline-block;' href='https://www.qidian.com/search?kw=@' target='_blank' style=''>起点中文网</a><span style='padding:0px 5px;color: #000;'>|</span><a style='display:inline-block;' href='http://www.zoudupai.com/book/share?kw=@' target='_blank' style=''>走读派</a><span style='padding:0px 5px;color: #000;'>|</span><a style='display:inline-block;' href='http://search.zongheng.com/s?keyword=@' target='_blank' style=''>纵横中文网</a><span style='padding:0px 5px;color: #000;'>|</span><a style='display:inline-block;' href='https://zure.fun/book/search/?q=@' target='_blank' style=''>zure</a><span style='padding:0px 5px;color: #000;'>|</span><a style='display:inline-block;' href='https://www.hongxiu.com/search?kw=@' target='_blank' style=''>红袖添香</a><span style='padding:0px 5px;color: #000;'>|</span><a style='display:inline-block;' href='https://www.yuekanshuwu.com/search/@' target='_blank' style=''>悦看书屋</a><span style='padding:0px 5px;color: #000;'>|</span><a style='display:inline-block;' href='http://www.xxsy.net/search?s_wd=@' target='_blank' style=''>潇湘书院</a><span style='padding:0px 5px;color: #000;'>|</span><a style='display:inline-block;' href='https://vol.moe/list.php?s=@' target='_blank' style=''>kindle漫画</a><span style='padding:0px 5px;color: #000;'>|</span><a style='display:inline-block;' href='http://search.17k.com/search.xhtml?c.st=0&c.q=@' target='_blank' style=''>17K小说网</a><span style='padding:0px 5px;color: #000;'>|</span><a style='display:inline-block;' href='http://www.gutenberg.org/ebooks/search/?query=@' target='_blank' style=''>古登堡计划</a><span style='padding:0px 5px;color: #000;'>|</span><a style='display:inline-block;' href='https://www.readnovel.com/search?kw=@' target='_blank' style=''>小说阅读网</a><span style='padding:0px 5px;color: #000;'>|</span><a style='display:inline-block;' href='https://www.owllook.net/search?wd=@' target='_blank' style=''>最易读</a><span style='padding:0px 5px;color: #000;'>|</span><a style='display:inline-block;' href='https://www.qidian.com/mm/search?kw=@' target='_blank' style=''>起点女生网</a><span style='padding:0px 5px;color: #000;'>|</span><a style='display:inline-block;' href='https://www.boyunso.com/search/?kw=@&jq=12' target='_blank' style=''>拨云</a><span style='padding:0px 5px;color: #000;'>|</span><a style='display:inline-block;' href='http://ctext.org/searchbooks.pl?if=gb&searchu=@' target='_blank' style=''>中國哲學書電子化計劃</a><span style='padding:0px 5px;color: #000;'>|</span><a style='display:inline-block;' href='https://www.xiashu.la/search.html?searchkey=@&searchtype=all' target='_blank' style=''>下书网</a><span style='padding:0px 5px;color: #000;'>|</span><a style='display:inline-block;' href='http://www.zxcs.me/index.php?keyword=@' target='_blank' style=''>知轩藏书</a><span style='padding:0px 5px;color: #000;'>|</span></div>\",\"html_cue_sougou\":\"<div style='padding-bottom:20px;' class='rvr-model'><h3 class='rvr-atAdBranch' title='相关推荐'>相关推荐<img id='plugin-quzhuanpan-ac1' style='cursor:pointer;width:14px;vertical-align:middle;padding-left:10px;' src='http://www.quzhuanpan.com/media/image/plugin/open_close.png'></h3><div style='font-size:13px;'><div style='padding:5px 0px;' id='plugin-quzhuanpan-pan-1'></div><div style='padding:5px 0px;' id='plugin-quzhuanpan-movie-1'><span style='color:#000;'><img style='width:13px;vertical-align:middle;padding-right:4px;' src='http://www.quzhuanpan.com/media/image/plugin/movie.png'>电影传送：</span><a style='display:inline-block;' href='http://www.quzhuanpan.com/source/search.action?q=@' target='_blank' style=''>去转盘</a><span style='padding:0px 5px;color: #000;'>|</span><a style='display:inline-block;' href='https://search.bilibili.com/all?keyword=@&from_source=banner_search' target='_blank' style=''>哔哩哔哩</a><span style='padding:0px 5px;color: #000;'>|</span><a style='display:inline-block;' href='http://www.acfun.cn/search/#query=@' target='_blank' style=''>AcFun</a><span style='padding:0px 5px;color: #000;'>|</span><a style='display:inline-block;' href='https://thepiratebay.org/search/@' target='_blank' style=''>The Pirate Ba</a><span style='padding:0px 5px;color: #000;'>|</span><a style='display:inline-block;' href='http://so.iqiyi.com/so/q_@?source=input&sr=1216260475904' target='_blank' style=''>爱奇艺搜索</a><span style='padding:0px 5px;color: #000;'>|</span><a style='display:inline-block;' href='https://kickass2.ch/usearch/@' target='_blank' style=''>KickAss</a><span style='padding:0px 5px;color: #000;'>|</span><a style='display:inline-block;' href='http://v.qq.com/x/search/?q=@&stag=0&smartbox_ab=' target='_blank' style=''>腾讯视频</a><span style='padding:0px 5px;color: #000;'>|</span><a style='display:inline-block;' href='http://www.dysfz.vip/key/@/' target='_blank' style=''>电影首发站</a><span style='padding:0px 5px;color: #000;'>|</span><a style='display:inline-block;' href='http://so.le.com/s?wd=@' target='_blank' style=''>乐视视频</a><span style='padding:0px 5px;color: #000;'>|</span><a style='display:inline-block;' href='http://www.ed2000.me/search.aspx?SearchWord=@&searchMethod=ED2000' target='_blank' style=''>ED2000</a><span style='padding:0px 5px;color: #000;'>|</span><a style='display:inline-block;' href='http://so.tv.sohu.com/mts?box=1&wd=@' target='_blank' style=''>搜狐视频</a><span style='padding:0px 5px;color: #000;'>|</span><a style='display:inline-block;' href='https://rarbg.is/torrents.php?search=@&category[]=14&category[]=48&category[]=17&category[]=44&category[]=45&category[]=47&category[]=50&category[]=51&category[]=52&category[]=42&category[]=46&category[]=18&category[]=41&category[]=49\\\"' target='_blank' style=''>RARBG</a><span style='padding:0px 5px;color: #000;'>|</span><a style='display:inline-block;' href='https://so.youku.com/search_video/q_@' target='_blank' style=''>优酷视频</a><span style='padding:0px 5px;color: #000;'>|</span><a style='display:inline-block;' href='https://www.bd-film.cc/search.jspx?q=@' target='_blank' style=''>DB影视</a><span style='padding:0px 5px;color: #000;'>|</span><a style='display:inline-block;' href='http://search.pptv.com/s_video?kw=@&context=default' target='_blank' style=''>PP视频</a><span style='padding:0px 5px;color: #000;'>|</span><a style='display:inline-block;' href='https://www.ck180.net/search.html?q=@' target='_blank' style=''>CK电影部落</a><span style='padding:0px 5px;color: #000;'>|</span><a style='display:inline-block;' href='http://www.lbldy.com/search?q=@' target='_blank' style=''>龙部落</a><span style='padding:0px 5px;color: #000;'>|</span><a style='display:inline-block;' href='https://www.piaohua.com/plus/search.php?kwtype=0&keyword=@' target='_blank' style=''>飘花电影</a><span style='padding:0px 5px;color: #000;'>|</span><a style='display:inline-block;' href='https://www.yugaopian.cn/?keyword=@&view=search' target='_blank' style=''>预告片世界</a><span style='padding:0px 5px;color: #000;'>|</span><a style='display:inline-block;' href='http://gaoqing.la/?s=@' target='_blank' style=''>中国高清网</a><span style='padding:0px 5px;color: #000;'>|</span><a style='display:inline-block;' href='http://www.youzhidy.com/plus/search.php?kwtype=0&q=@' target='_blank' style=''>优质电影网</a><span style='padding:0px 5px;color: #000;'>|</span><a style='display:inline-block;' href='https://www.moviewg.com/index.php?keyword=@' target='_blank' style=''>电影王国</a><span style='padding:0px 5px;color: #000;'>|</span><a style='display:inline-block;' href='http://www.ibtbb.com/?s=@' target='_blank' style=''>思享</a><span style='padding:0px 5px;color: #000;'>|</span><a style='display:inline-block;' href='http://www.ttmeiju.vip/index.php/search/index.html?keyword=@' target='_blank' style=''>天天美剧</a><span style='padding:0px 5px;color: #000;'>|</span><a style='display:inline-block;' href='http://dbfansub.com/?s=@' target='_blank' style=''>电波字幕组</a><span style='padding:0px 5px;color: #000;'>|</span></div><div style='padding:5px 0px;' id='plugin-quzhuanpan-book-1'><span style='color:#000;'><img style='width:13px;vertical-align:middle;padding-right:4px;' src='http://www.quzhuanpan.com/media/image/plugin/book.png'>电子书传送：</span><a style='display:inline-block;' href='http://www.quzhuanpan.com/source/search.action?q=@' target='_blank' style=''>去转盘网</a><span style='padding:0px 5px;color: #000;'>|</span><a style='display:inline-block;' href='http://mebook.cc/?s=@' target='_blank' style=''>我的小书屋</a><span style='padding:0px 5px;color: #000;'>|</span><a style='display:inline-block;' href='https://bookfere.com/?s=@&post_type=post' target='_blank' style=''>书伴</a><span style='padding:0px 5px;color: #000;'>|</span><a style='display:inline-block;' href='https://www.qidian.com/search?kw=@' target='_blank' style=''>起点中文网</a><span style='padding:0px 5px;color: #000;'>|</span><a style='display:inline-block;' href='http://www.zoudupai.com/book/share?kw=@' target='_blank' style=''>走读派</a><span style='padding:0px 5px;color: #000;'>|</span><a style='display:inline-block;' href='http://search.zongheng.com/s?keyword=@' target='_blank' style=''>纵横中文网</a><span style='padding:0px 5px;color: #000;'>|</span><a style='display:inline-block;' href='https://zure.fun/book/search/?q=@' target='_blank' style=''>zure</a><span style='padding:0px 5px;color: #000;'>|</span><a style='display:inline-block;' href='https://www.hongxiu.com/search?kw=@' target='_blank' style=''>红袖添香</a><span style='padding:0px 5px;color: #000;'>|</span><a style='display:inline-block;' href='https://www.yuekanshuwu.com/search/@' target='_blank' style=''>悦看书屋</a><span style='padding:0px 5px;color: #000;'>|</span><a style='display:inline-block;' href='http://www.xxsy.net/search?s_wd=@' target='_blank' style=''>潇湘书院</a><span style='padding:0px 5px;color: #000;'>|</span><a style='display:inline-block;' href='https://vol.moe/list.php?s=@' target='_blank' style=''>kindle漫画</a><span style='padding:0px 5px;color: #000;'>|</span><a style='display:inline-block;' href='http://search.17k.com/search.xhtml?c.st=0&c.q=@' target='_blank' style=''>17K小说网</a><span style='padding:0px 5px;color: #000;'>|</span><a style='display:inline-block;' href='http://www.gutenberg.org/ebooks/search/?query=@' target='_blank' style=''>古登堡计划</a><span style='padding:0px 5px;color: #000;'>|</span><a style='display:inline-block;' href='https://www.readnovel.com/search?kw=@' target='_blank' style=''>小说阅读网</a><span style='padding:0px 5px;color: #000;'>|</span><a style='display:inline-block;' href='https://www.owllook.net/search?wd=@' target='_blank' style=''>最易读</a><span style='padding:0px 5px;color: #000;'>|</span><a style='display:inline-block;' href='https://www.qidian.com/mm/search?kw=@' target='_blank' style=''>起点女生网</a><span style='padding:0px 5px;color: #000;'>|</span><a style='display:inline-block;' href='https://www.boyunso.com/search/?kw=@&jq=12' target='_blank' style=''>拨云</a><span style='padding:0px 5px;color: #000;'>|</span><a style='display:inline-block;' href='http://ctext.org/searchbooks.pl?if=gb&searchu=@' target='_blank' style=''>中國哲學書電子化計劃</a><span style='padding:0px 5px;color: #000;'>|</span><a style='display:inline-block;' href='https://www.xiashu.la/search.html?searchkey=@&searchtype=all' target='_blank' style=''>下书网</a><span style='padding:0px 5px;color: #000;'>|</span><a style='display:inline-block;' href='http://www.zxcs.me/index.php?keyword=@' target='_blank' style=''>知轩藏书</a><span style='padding:0px 5px;color: #000;'>|</span></div><div style='padding:5px 0px;' id='plugin-quzhuanpan-music-1'><span style='color:#000;'><img style='width:13px;vertical-align:middle;padding-right:4px;' src='http://www.quzhuanpan.com/media/image/plugin/music.png'>音乐传送：</span><a style='display:inline-block;' href='http://www.quzhuanpan.com/source/search.action?q=@' target='_blank' style=''>去转盘</a><span style='padding:0px 5px;color: #000;'>|</span><a style='display:inline-block;' href='https://www.sq688.com/search.php?key=@' target='_blank' style=''>超高无损音乐</a><span style='padding:0px 5px;color: #000;'>|</span><a style='display:inline-block;' href='https://music.163.com/#/search/m/?s=@' target='_blank' style=''>网易云音乐</a><span style='padding:0px 5px;color: #000;'>|</span><a style='display:inline-block;' href='https://www.xiami.com/search?key=@&pos=1' target='_blank' style=''>虾米音乐</a><span style='padding:0px 5px;color: #000;'>|</span><a style='display:inline-block;' href='https://y.qq.com/portal/search.html#page=1&searchid=1&remoteplace=txt.yqq.top&t=song&w=@' target='_blank' style=''>QQ音乐</a><span style='padding:0px 5px;color: #000;'>|</span><a style='display:inline-block;' href='http://search.5sing.kugou.com/?keyword=@' target='_blank' style=''>51sing原创</a><span style='padding:0px 5px;color: #000;'>|</span><a style='display:inline-block;' href='https://so.1ting.com/all.do?q=@' target='_blank' style=''>一听音乐</a><span style='padding:0px 5px;color: #000;'>|</span><a style='display:inline-block;' href='http://www.kugou.com/yy/html/search.html#searchType=song&searchKeyWord=@' target='_blank' style=''>酷狗音乐</a><span style='padding:0px 5px;color: #000;'>|</span><a style='display:inline-block;' href='http://music.taihe.com/search?key=@' target='_blank' style=''>百度音乐</a><span style='padding:0px 5px;color: #000;'>|</span><a style='display:inline-block;' href='http://sou.kuwo.cn/ws/NSearch?type=all&catalog=yueku20177&key=@' target='_blank' style=''>酷我音乐盒</a><span style='padding:0px 5px;color: #000;'>|</span><a style='display:inline-block;' href='http://www.yinyueke.net/index.php?keyword=@' target='_blank' style=''>音乐客</a><span style='padding:0px 5px;color: #000;'>|</span><a style='display:inline-block;' href='https://www.bandari.net/search?q=@&type=%E5%8D%95%E6%9B%B2' target='_blank' style=''>班得瑞</a><span style='padding:0px 5px;color: #000;'>|</span></div><div style='padding:5px 0px;' id='plugin-quzhuanpan-document-1'><span style='color:#000;'><img style='width:13px;vertical-align:middle;padding-right:4px;' src='http://www.quzhuanpan.com/media/image/plugin/document.png'>文档传送：</span><a style='display:inline-block;' href='http://www.quzhuanpan.com/source/search.action?q=@&currentPage=1' target='_blank' style=''>去转盘网</a><span style='padding:0px 5px;color: #000;'>|</span><a style='display:inline-block;' href='http://www.wocali.com/s/search.action?q=@&currentPage=1' target='_blank' style=''>嚓哩文库</a><span style='padding:0px 5px;color: #000;'>|</span><a style='display:inline-block;' href='http://www.xkreading.com/?s=@' target='_blank' style=''>醒客读书</a><span style='padding:0px 5px;color: #000;'>|</span><a style='display:inline-block;' href='https://www.wenku1.net/list/@' target='_blank' style=''>第一文库网</a><span style='padding:0px 5px;color: #000;'>|</span><a style='display:inline-block;' href='http://8btc.com/doc-list.html?k=@&p=1&t=--&s=1&u=' target='_blank' style=''>巴比特</a><span style='padding:0px 5px;color: #000;'>|</span><a style='display:inline-block;' href='http://wenku.zixin.com.cn/search.php?kw=@' target='_blank' style=''>资信文库</a><span style='padding:0px 5px;color: #000;'>|</span><a style='display:inline-block;' href='http://www.doc88.com/tag/@' target='_blank' style=''>道客巴巴</a><span style='padding:0px 5px;color: #000;'>|</span><a style='display:inline-block;' href='http://www.docin.com/search.do?searchcat=1001&searchType_banner=p&nkey=@' target='_blank' style=''>豆丁</a><span style='padding:0px 5px;color: #000;'>|</span><a style='display:inline-block;' href='https://wenku.ofweek.com/modules/search.php?type_list=wk&title=@&x=0&y=0&type=1' target='_blank' style=''>技术文库</a><span style='padding:0px 5px;color: #000;'>|</span><a style='display:inline-block;' href='http://wenku.it168.com/search?key=@' target='_blank' style=''>IT168文库</a><span style='padding:0px 5px;color: #000;'>|</span><a style='display:inline-block;' href='http://wenku.foodmate.net/down/search.php?kw=@&fileext=' target='_blank' style=''>食品文库</a><span style='padding:0px 5px;color: #000;'>|</span><a style='display:inline-block;' href='http://zhzdwk.com/search?q=@' target='_blank' style=''>纵横知道文库</a><span style='padding:0px 5px;color: #000;'>|</span><a style='display:inline-block;' href='http://www.360doc.com/search.html?type=0&word=@' target='_blank' style=''>360doc</a><span style='padding:0px 5px;color: #000;'>|</span><a style='display:inline-block;' href='https://s.1688.com/wiki/wiki_search.htm?keywords=@&n=y&from=baikeSearch' target='_blank' style=''>文库</a><span style='padding:0px 5px;color: #000;'>|</span><a style='display:inline-block;' href='http://so.ixumu.com/cse/search?s=11028742910298575444&q=@' target='_blank' style=''>爱畜牧文库</a><span style='padding:0px 5px;color: #000;'>|</span><a style='display:inline-block;' href='http://www.pv265.com/' target='_blank' style=''>工程学习网</a><span style='padding:0px 5px;color: #000;'>|</span><a style='display:inline-block;' href='http://www.mswk.cn/' target='_blank' style=''>秘书文库</a><span style='padding:0px 5px;color: #000;'>|</span><a style='display:inline-block;' href='https://www.aozora.gr.jp/' target='_blank' style=''>青空文库</a><span style='padding:0px 5px;color: #000;'>|</span><a style='display:inline-block;' href='http://www.5ucom.com/list.html' target='_blank' style=''>无忧商务文档</a><span style='padding:0px 5px;color: #000;'>|</span></div><div style='padding:5px 0px;' id='plugin-quzhuanpan-pic-1'><span style='color:#000;'><img style='width:13px;vertical-align:middle;padding-right:4px;' src='http://www.quzhuanpan.com/media/image/plugin/pic.png'>图片传送：</span><a style='display:inline-block;' href='http://www.58pic.com/' target='_blank' style=''>千图网</a><span style='padding:0px 5px;color: #000;'>|</span><a style='display:inline-block;' href='https://pixabay.com/' target='_blank' style=''>pixabay</a><span style='padding:0px 5px;color: #000;'>|</span><a style='display:inline-block;' href='https://stocksnap.io/' target='_blank' style=''>stocksnap</a><span style='padding:0px 5px;color: #000;'>|</span><a style='display:inline-block;' href='https://500px.com/' target='_blank' style=''>500px</a><span style='padding:0px 5px;color: #000;'>|</span><a style='display:inline-block;' href='https://alpha.wallhaven.cc/' target='_blank' style=''>wallhaven</a><span style='padding:0px 5px;color: #000;'>|</span><a style='display:inline-block;' href='https://www.deviantart.com/' target='_blank' style=''>deviantart</a><span style='padding:0px 5px;color: #000;'>|</span><a style='display:inline-block;' href='https://www.gratisography.com/' target='_blank' style=''>gratisography</a><span style='padding:0px 5px;color: #000;'>|</span><a style='display:inline-block;' href='http://pngimg.com/' target='_blank' style=''>pngimg</a><span style='padding:0px 5px;color: #000;'>|</span><a style='display:inline-block;' href='http://588ku.com/' target='_blank' style=''>千库网</a><span style='padding:0px 5px;color: #000;'>|</span><a style='display:inline-block;' href='https://foodiesfeed.com/' target='_blank' style=''>食物foodiesfeed</a><span style='padding:0px 5px;color: #000;'>|</span><a style='display:inline-block;' href='http://www.cutestpaw.com/' target='_blank' style=''>宠物</a><span style='padding:0px 5px;color: #000;'>|</span><a style='display:inline-block;' href='https://psiupuxa.com/' target='_blank' style=''>太空壁纸</a><span style='padding:0px 5px;color: #000;'>|</span></div></div></div>\",\"html_cue_baidu\":\"<div style='padding-bottom:20px;'><div class='cr-title c-clearfix'><span title='相关推荐'>相关推荐<img data-flag='' id='plugin-quzhuanpan-ac1' style='cursor:pointer;width:14px;vertical-align:middle;padding-left:10px;' src='http://www.quzhuanpan.com/media/image/plugin/open_close.png'></span></div><div style='font-size:13px;'><div style='margin-top:10px;' id='plugin-quzhuanpan-pan-1'></div><div style='margin-top:10px;' id='plugin-quzhuanpan-movie-1'><span style='color:#000;'><img style='width:13px;vertical-align:middle;padding-right:4px;' src='http://www.quzhuanpan.com/media/image/plugin/movie.png'>电影传送：</span><a style='display:inline-block;' href='http://www.quzhuanpan.com/source/search.action?q=@' target='_blank' style=''>去转盘</a><span style='padding:0px 5px;color: #000;'>|</span><a style='display:inline-block;' href='https://search.bilibili.com/all?keyword=@&from_source=banner_search' target='_blank' style=''>哔哩哔哩</a><span style='padding:0px 5px;color: #000;'>|</span><a style='display:inline-block;' href='http://www.acfun.cn/search/#query=@' target='_blank' style=''>AcFun</a><span style='padding:0px 5px;color: #000;'>|</span><a style='display:inline-block;' href='https://thepiratebay.org/search/@' target='_blank' style=''>The Pirate Ba</a><span style='padding:0px 5px;color: #000;'>|</span><a style='display:inline-block;' href='http://so.iqiyi.com/so/q_@?source=input&sr=1216260475904' target='_blank' style=''>爱奇艺搜索</a><span style='padding:0px 5px;color: #000;'>|</span><a style='display:inline-block;' href='https://kickass2.ch/usearch/@' target='_blank' style=''>KickAss</a><span style='padding:0px 5px;color: #000;'>|</span><a style='display:inline-block;' href='http://v.qq.com/x/search/?q=@&stag=0&smartbox_ab=' target='_blank' style=''>腾讯视频</a><span style='padding:0px 5px;color: #000;'>|</span><a style='display:inline-block;' href='http://www.dysfz.vip/key/@/' target='_blank' style=''>电影首发站</a><span style='padding:0px 5px;color: #000;'>|</span><a style='display:inline-block;' href='http://so.le.com/s?wd=@' target='_blank' style=''>乐视视频</a><span style='padding:0px 5px;color: #000;'>|</span><a style='display:inline-block;' href='http://www.ed2000.me/search.aspx?SearchWord=@&searchMethod=ED2000' target='_blank' style=''>ED2000</a><span style='padding:0px 5px;color: #000;'>|</span><a style='display:inline-block;' href='http://so.tv.sohu.com/mts?box=1&wd=@' target='_blank' style=''>搜狐视频</a><span style='padding:0px 5px;color: #000;'>|</span><a style='display:inline-block;' href='https://rarbg.is/torrents.php?search=@&category[]=14&category[]=48&category[]=17&category[]=44&category[]=45&category[]=47&category[]=50&category[]=51&category[]=52&category[]=42&category[]=46&category[]=18&category[]=41&category[]=49\\\"' target='_blank' style=''>RARBG</a><span style='padding:0px 5px;color: #000;'>|</span><a style='display:inline-block;' href='https://so.youku.com/search_video/q_@' target='_blank' style=''>优酷视频</a><span style='padding:0px 5px;color: #000;'>|</span><a style='display:inline-block;' href='https://www.bd-film.cc/search.jspx?q=@' target='_blank' style=''>DB影视</a><span style='padding:0px 5px;color: #000;'>|</span><a style='display:inline-block;' href='http://search.pptv.com/s_video?kw=@&context=default' target='_blank' style=''>PP视频</a><span style='padding:0px 5px;color: #000;'>|</span><a style='display:inline-block;' href='https://www.ck180.net/search.html?q=@' target='_blank' style=''>CK电影部落</a><span style='padding:0px 5px;color: #000;'>|</span><a style='display:inline-block;' href='http://www.lbldy.com/search?q=@' target='_blank' style=''>龙部落</a><span style='padding:0px 5px;color: #000;'>|</span><a style='display:inline-block;' href='https://www.piaohua.com/plus/search.php?kwtype=0&keyword=@' target='_blank' style=''>飘花电影</a><span style='padding:0px 5px;color: #000;'>|</span><a style='display:inline-block;' href='https://www.yugaopian.cn/?keyword=@&view=search' target='_blank' style=''>预告片世界</a><span style='padding:0px 5px;color: #000;'>|</span><a style='display:inline-block;' href='http://gaoqing.la/?s=@' target='_blank' style=''>中国高清网</a><span style='padding:0px 5px;color: #000;'>|</span><a style='display:inline-block;' href='http://www.youzhidy.com/plus/search.php?kwtype=0&q=@' target='_blank' style=''>优质电影网</a><span style='padding:0px 5px;color: #000;'>|</span><a style='display:inline-block;' href='https://www.moviewg.com/index.php?keyword=@' target='_blank' style=''>电影王国</a><span style='padding:0px 5px;color: #000;'>|</span><a style='display:inline-block;' href='http://www.ibtbb.com/?s=@' target='_blank' style=''>思享</a><span style='padding:0px 5px;color: #000;'>|</span><a style='display:inline-block;' href='http://www.ttmeiju.vip/index.php/search/index.html?keyword=@' target='_blank' style=''>天天美剧</a><span style='padding:0px 5px;color: #000;'>|</span><a style='display:inline-block;' href='http://dbfansub.com/?s=@' target='_blank' style=''>电波字幕组</a><span style='padding:0px 5px;color: #000;'>|</span></div><div style='margin-top:10px;' id='plugin-quzhuanpan-book-1'><span style='color:#000;'><img style='width:13px;vertical-align:middle;padding-right:4px;' src='http://www.quzhuanpan.com/media/image/plugin/book.png'>电子书传送：</span><a style='display:inline-block;' href='http://www.quzhuanpan.com/source/search.action?q=@' target='_blank' style=''>去转盘网</a><span style='padding:0px 5px;color: #000;'>|</span><a style='display:inline-block;' href='http://mebook.cc/?s=@' target='_blank' style=''>我的小书屋</a><span style='padding:0px 5px;color: #000;'>|</span><a style='display:inline-block;' href='https://bookfere.com/?s=@&post_type=post' target='_blank' style=''>书伴</a><span style='padding:0px 5px;color: #000;'>|</span><a style='display:inline-block;' href='https://www.qidian.com/search?kw=@' target='_blank' style=''>起点中文网</a><span style='padding:0px 5px;color: #000;'>|</span><a style='display:inline-block;' href='http://www.zoudupai.com/book/share?kw=@' target='_blank' style=''>走读派</a><span style='padding:0px 5px;color: #000;'>|</span><a style='display:inline-block;' href='http://search.zongheng.com/s?keyword=@' target='_blank' style=''>纵横中文网</a><span style='padding:0px 5px;color: #000;'>|</span><a style='display:inline-block;' href='https://zure.fun/book/search/?q=@' target='_blank' style=''>zure</a><span style='padding:0px 5px;color: #000;'>|</span><a style='display:inline-block;' href='https://www.hongxiu.com/search?kw=@' target='_blank' style=''>红袖添香</a><span style='padding:0px 5px;color: #000;'>|</span><a style='display:inline-block;' href='https://www.yuekanshuwu.com/search/@' target='_blank' style=''>悦看书屋</a><span style='padding:0px 5px;color: #000;'>|</span><a style='display:inline-block;' href='http://www.xxsy.net/search?s_wd=@' target='_blank' style=''>潇湘书院</a><span style='padding:0px 5px;color: #000;'>|</span><a style='display:inline-block;' href='https://vol.moe/list.php?s=@' target='_blank' style=''>kindle漫画</a><span style='padding:0px 5px;color: #000;'>|</span><a style='display:inline-block;' href='http://search.17k.com/search.xhtml?c.st=0&c.q=@' target='_blank' style=''>17K小说网</a><span style='padding:0px 5px;color: #000;'>|</span><a style='display:inline-block;' href='http://www.gutenberg.org/ebooks/search/?query=@' target='_blank' style=''>古登堡计划</a><span style='padding:0px 5px;color: #000;'>|</span><a style='display:inline-block;' href='https://www.readnovel.com/search?kw=@' target='_blank' style=''>小说阅读网</a><span style='padding:0px 5px;color: #000;'>|</span><a style='display:inline-block;' href='https://www.owllook.net/search?wd=@' target='_blank' style=''>最易读</a><span style='padding:0px 5px;color: #000;'>|</span><a style='display:inline-block;' href='https://www.qidian.com/mm/search?kw=@' target='_blank' style=''>起点女生网</a><span style='padding:0px 5px;color: #000;'>|</span><a style='display:inline-block;' href='https://www.boyunso.com/search/?kw=@&jq=12' target='_blank' style=''>拨云</a><span style='padding:0px 5px;color: #000;'>|</span><a style='display:inline-block;' href='http://ctext.org/searchbooks.pl?if=gb&searchu=@' target='_blank' style=''>中國哲學書電子化計劃</a><span style='padding:0px 5px;color: #000;'>|</span><a style='display:inline-block;' href='https://www.xiashu.la/search.html?searchkey=@&searchtype=all' target='_blank' style=''>下书网</a><span style='padding:0px 5px;color: #000;'>|</span><a style='display:inline-block;' href='http://www.zxcs.me/index.php?keyword=@' target='_blank' style=''>知轩藏书</a><span style='padding:0px 5px;color: #000;'>|</span></div><div style='margin-top:10px;' id='plugin-quzhuanpan-music-1'><span style='color:#000;'><img style='width:13px;vertical-align:middle;padding-right:4px;' src='http://www.quzhuanpan.com/media/image/plugin/music.png'>音乐传送：</span><a style='display:inline-block;' href='http://www.quzhuanpan.com/source/search.action?q=@' target='_blank' style=''>去转盘</a><span style='padding:0px 5px;color: #000;'>|</span><a style='display:inline-block;' href='https://www.sq688.com/search.php?key=@' target='_blank' style=''>超高无损音乐</a><span style='padding:0px 5px;color: #000;'>|</span><a style='display:inline-block;' href='https://music.163.com/#/search/m/?s=@' target='_blank' style=''>网易云音乐</a><span style='padding:0px 5px;color: #000;'>|</span><a style='display:inline-block;' href='https://www.xiami.com/search?key=@&pos=1' target='_blank' style=''>虾米音乐</a><span style='padding:0px 5px;color: #000;'>|</span><a style='display:inline-block;' href='https://y.qq.com/portal/search.html#page=1&searchid=1&remoteplace=txt.yqq.top&t=song&w=@' target='_blank' style=''>QQ音乐</a><span style='padding:0px 5px;color: #000;'>|</span><a style='display:inline-block;' href='http://search.5sing.kugou.com/?keyword=@' target='_blank' style=''>51sing原创</a><span style='padding:0px 5px;color: #000;'>|</span><a style='display:inline-block;' href='https://so.1ting.com/all.do?q=@' target='_blank' style=''>一听音乐</a><span style='padding:0px 5px;color: #000;'>|</span><a style='display:inline-block;' href='http://www.kugou.com/yy/html/search.html#searchType=song&searchKeyWord=@' target='_blank' style=''>酷狗音乐</a><span style='padding:0px 5px;color: #000;'>|</span><a style='display:inline-block;' href='http://music.taihe.com/search?key=@' target='_blank' style=''>百度音乐</a><span style='padding:0px 5px;color: #000;'>|</span><a style='display:inline-block;' href='http://sou.kuwo.cn/ws/NSearch?type=all&catalog=yueku20177&key=@' target='_blank' style=''>酷我音乐盒</a><span style='padding:0px 5px;color: #000;'>|</span><a style='display:inline-block;' href='http://www.yinyueke.net/index.php?keyword=@' target='_blank' style=''>音乐客</a><span style='padding:0px 5px;color: #000;'>|</span><a style='display:inline-block;' href='https://www.bandari.net/search?q=@&type=%E5%8D%95%E6%9B%B2' target='_blank' style=''>班得瑞</a><span style='padding:0px 5px;color: #000;'>|</span></div><div style='margin-top:10px;' id='plugin-quzhuanpan-document-1'><span style='color:#000;'><img style='width:13px;vertical-align:middle;padding-right:4px;' src='http://www.quzhuanpan.com/media/image/plugin/document.png'>文档传送：</span><a style='display:inline-block;' href='http://www.quzhuanpan.com/source/search.action?q=@&currentPage=1' target='_blank' style=''>去转盘网</a><span style='padding:0px 5px;color: #000;'>|</span><a style='display:inline-block;' href='http://www.wocali.com/s/search.action?q=@&currentPage=1' target='_blank' style=''>嚓哩文库</a><span style='padding:0px 5px;color: #000;'>|</span><a style='display:inline-block;' href='http://www.xkreading.com/?s=@' target='_blank' style=''>醒客读书</a><span style='padding:0px 5px;color: #000;'>|</span><a style='display:inline-block;' href='https://www.wenku1.net/list/@' target='_blank' style=''>第一文库网</a><span style='padding:0px 5px;color: #000;'>|</span><a style='display:inline-block;' href='http://8btc.com/doc-list.html?k=@&p=1&t=--&s=1&u=' target='_blank' style=''>巴比特</a><span style='padding:0px 5px;color: #000;'>|</span><a style='display:inline-block;' href='http://wenku.zixin.com.cn/search.php?kw=@' target='_blank' style=''>资信文库</a><span style='padding:0px 5px;color: #000;'>|</span><a style='display:inline-block;' href='http://www.doc88.com/tag/@' target='_blank' style=''>道客巴巴</a><span style='padding:0px 5px;color: #000;'>|</span><a style='display:inline-block;' href='http://www.docin.com/search.do?searchcat=1001&searchType_banner=p&nkey=@' target='_blank' style=''>豆丁</a><span style='padding:0px 5px;color: #000;'>|</span><a style='display:inline-block;' href='https://wenku.ofweek.com/modules/search.php?type_list=wk&title=@&x=0&y=0&type=1' target='_blank' style=''>技术文库</a><span style='padding:0px 5px;color: #000;'>|</span><a style='display:inline-block;' href='http://wenku.it168.com/search?key=@' target='_blank' style=''>IT168文库</a><span style='padding:0px 5px;color: #000;'>|</span><a style='display:inline-block;' href='http://wenku.foodmate.net/down/search.php?kw=@&fileext=' target='_blank' style=''>食品文库</a><span style='padding:0px 5px;color: #000;'>|</span><a style='display:inline-block;' href='http://zhzdwk.com/search?q=@' target='_blank' style=''>纵横知道文库</a><span style='padding:0px 5px;color: #000;'>|</span><a style='display:inline-block;' href='http://www.360doc.com/search.html?type=0&word=@' target='_blank' style=''>360doc</a><span style='padding:0px 5px;color: #000;'>|</span><a style='display:inline-block;' href='https://s.1688.com/wiki/wiki_search.htm?keywords=@&n=y&from=baikeSearch' target='_blank' style=''>文库</a><span style='padding:0px 5px;color: #000;'>|</span><a style='display:inline-block;' href='http://so.ixumu.com/cse/search?s=11028742910298575444&q=@' target='_blank' style=''>爱畜牧文库</a><span style='padding:0px 5px;color: #000;'>|</span><a style='display:inline-block;' href='http://www.pv265.com/' target='_blank' style=''>工程学习网</a><span style='padding:0px 5px;color: #000;'>|</span><a style='display:inline-block;' href='http://www.mswk.cn/' target='_blank' style=''>秘书文库</a><span style='padding:0px 5px;color: #000;'>|</span><a style='display:inline-block;' href='https://www.aozora.gr.jp/' target='_blank' style=''>青空文库</a><span style='padding:0px 5px;color: #000;'>|</span><a style='display:inline-block;' href='http://www.5ucom.com/list.html' target='_blank' style=''>无忧商务文档</a><span style='padding:0px 5px;color: #000;'>|</span></div><div style='margin-top:10px;' id='plugin-quzhuanpan-pic-1'><span style='color:#000;'><img style='width:13px;vertical-align:middle;padding-right:4px;' src='http://www.quzhuanpan.com/media/image/plugin/pic.png'>图片传送：</span><a style='display:inline-block;' href='http://www.58pic.com/' target='_blank' style=''>千图网</a><span style='padding:0px 5px;color: #000;'>|</span><a style='display:inline-block;' href='https://pixabay.com/' target='_blank' style=''>pixabay</a><span style='padding:0px 5px;color: #000;'>|</span><a style='display:inline-block;' href='https://stocksnap.io/' target='_blank' style=''>stocksnap</a><span style='padding:0px 5px;color: #000;'>|</span><a style='display:inline-block;' href='https://500px.com/' target='_blank' style=''>500px</a><span style='padding:0px 5px;color: #000;'>|</span><a style='display:inline-block;' href='https://alpha.wallhaven.cc/' target='_blank' style=''>wallhaven</a><span style='padding:0px 5px;color: #000;'>|</span><a style='display:inline-block;' href='https://www.deviantart.com/' target='_blank' style=''>deviantart</a><span style='padding:0px 5px;color: #000;'>|</span><a style='display:inline-block;' href='https://www.gratisography.com/' target='_blank' style=''>gratisography</a><span style='padding:0px 5px;color: #000;'>|</span><a style='display:inline-block;' href='http://pngimg.com/' target='_blank' style=''>pngimg</a><span style='padding:0px 5px;color: #000;'>|</span><a style='display:inline-block;' href='http://588ku.com/' target='_blank' style=''>千库网</a><span style='padding:0px 5px;color: #000;'>|</span><a style='display:inline-block;' href='https://foodiesfeed.com/' target='_blank' style=''>食物foodiesfeed</a><span style='padding:0px 5px;color: #000;'>|</span><a style='display:inline-block;' href='http://www.cutestpaw.com/' target='_blank' style=''>宠物</a><span style='padding:0px 5px;color: #000;'>|</span><a style='display:inline-block;' href='https://psiupuxa.com/' target='_blank' style=''>太空壁纸</a><span style='padding:0px 5px;color: #000;'>|</span></div></div></div>\",\"html_cue_douban_music\":\"<div><span style='color:#000;'><img style='width:13px;vertical-align:middle;padding-right:4px;' src='http://www.quzhuanpan.com/media/image/plugin/music.png'>音乐传送：</span><a style='display:inline-block;' href='http://www.quzhuanpan.com/source/search.action?q=@' target='_blank' style=''>去转盘</a><span style='padding:0px 5px;color: #000;'>|</span><a style='display:inline-block;' href='https://www.sq688.com/search.php?key=@' target='_blank' style=''>超高无损音乐</a><span style='padding:0px 5px;color: #000;'>|</span><a style='display:inline-block;' href='https://music.163.com/#/search/m/?s=@' target='_blank' style=''>网易云音乐</a><span style='padding:0px 5px;color: #000;'>|</span><a style='display:inline-block;' href='https://www.xiami.com/search?key=@&pos=1' target='_blank' style=''>虾米音乐</a><span style='padding:0px 5px;color: #000;'>|</span><a style='display:inline-block;' href='https://y.qq.com/portal/search.html#page=1&searchid=1&remoteplace=txt.yqq.top&t=song&w=@' target='_blank' style=''>QQ音乐</a><span style='padding:0px 5px;color: #000;'>|</span><a style='display:inline-block;' href='http://search.5sing.kugou.com/?keyword=@' target='_blank' style=''>51sing原创</a><span style='padding:0px 5px;color: #000;'>|</span><a style='display:inline-block;' href='https://so.1ting.com/all.do?q=@' target='_blank' style=''>一听音乐</a><span style='padding:0px 5px;color: #000;'>|</span><a style='display:inline-block;' href='http://www.kugou.com/yy/html/search.html#searchType=song&searchKeyWord=@' target='_blank' style=''>酷狗音乐</a><span style='padding:0px 5px;color: #000;'>|</span><a style='display:inline-block;' href='http://music.taihe.com/search?key=@' target='_blank' style=''>百度音乐</a><span style='padding:0px 5px;color: #000;'>|</span><a style='display:inline-block;' href='http://sou.kuwo.cn/ws/NSearch?type=all&catalog=yueku20177&key=@' target='_blank' style=''>酷我音乐盒</a><span style='padding:0px 5px;color: #000;'>|</span><a style='display:inline-block;' href='http://www.yinyueke.net/index.php?keyword=@' target='_blank' style=''>音乐客</a><span style='padding:0px 5px;color: #000;'>|</span><a style='display:inline-block;' href='https://www.bandari.net/search?q=@&type=%E5%8D%95%E6%9B%B2' target='_blank' style=''>班得瑞</a><span style='padding:0px 5px;color: #000;'>|</span></div>\",\"html_cue_360\":\"<div style='padding-bottom:20px;'><h3 class='title mh-title-fold' title='相关推荐'>相关推荐<img id='plugin-quzhuanpan-ac1' style='cursor:pointer;width:14px;vertical-align:middle;padding-left:10px;' src='http://www.quzhuanpan.com/media/image/plugin/open_close.png'></h3><div style='font-size:13px;margin-top:6px;'><div style='padding:5px 0px;' id='plugin-quzhuanpan-pan-1'></div><div style='padding:5px 0px;' id='plugin-quzhuanpan-movie-1'><span style='color:#000;'><img style='width:13px;vertical-align:middle;padding-right:4px;' src='http://www.quzhuanpan.com/media/image/plugin/movie.png'>电影传送：</span><a style='display:inline-block;' href='http://www.quzhuanpan.com/source/search.action?q=@' target='_blank' style=''>去转盘</a><span style='padding:0px 5px;color: #000;'>|</span><a style='display:inline-block;' href='https://search.bilibili.com/all?keyword=@&from_source=banner_search' target='_blank' style=''>哔哩哔哩</a><span style='padding:0px 5px;color: #000;'>|</span><a style='display:inline-block;' href='http://www.acfun.cn/search/#query=@' target='_blank' style=''>AcFun</a><span style='padding:0px 5px;color: #000;'>|</span><a style='display:inline-block;' href='https://thepiratebay.org/search/@' target='_blank' style=''>The Pirate Ba</a><span style='padding:0px 5px;color: #000;'>|</span><a style='display:inline-block;' href='http://so.iqiyi.com/so/q_@?source=input&sr=1216260475904' target='_blank' style=''>爱奇艺搜索</a><span style='padding:0px 5px;color: #000;'>|</span><a style='display:inline-block;' href='https://kickass2.ch/usearch/@' target='_blank' style=''>KickAss</a><span style='padding:0px 5px;color: #000;'>|</span><a style='display:inline-block;' href='http://v.qq.com/x/search/?q=@&stag=0&smartbox_ab=' target='_blank' style=''>腾讯视频</a><span style='padding:0px 5px;color: #000;'>|</span><a style='display:inline-block;' href='http://www.dysfz.vip/key/@/' target='_blank' style=''>电影首发站</a><span style='padding:0px 5px;color: #000;'>|</span><a style='display:inline-block;' href='http://so.le.com/s?wd=@' target='_blank' style=''>乐视视频</a><span style='padding:0px 5px;color: #000;'>|</span><a style='display:inline-block;' href='http://www.ed2000.me/search.aspx?SearchWord=@&searchMethod=ED2000' target='_blank' style=''>ED2000</a><span style='padding:0px 5px;color: #000;'>|</span><a style='display:inline-block;' href='http://so.tv.sohu.com/mts?box=1&wd=@' target='_blank' style=''>搜狐视频</a><span style='padding:0px 5px;color: #000;'>|</span><a style='display:inline-block;' href='https://rarbg.is/torrents.php?search=@&category[]=14&category[]=48&category[]=17&category[]=44&category[]=45&category[]=47&category[]=50&category[]=51&category[]=52&category[]=42&category[]=46&category[]=18&category[]=41&category[]=49\\\"' target='_blank' style=''>RARBG</a><span style='padding:0px 5px;color: #000;'>|</span><a style='display:inline-block;' href='https://so.youku.com/search_video/q_@' target='_blank' style=''>优酷视频</a><span style='padding:0px 5px;color: #000;'>|</span><a style='display:inline-block;' href='https://www.bd-film.cc/search.jspx?q=@' target='_blank' style=''>DB影视</a><span style='padding:0px 5px;color: #000;'>|</span><a style='display:inline-block;' href='http://search.pptv.com/s_video?kw=@&context=default' target='_blank' style=''>PP视频</a><span style='padding:0px 5px;color: #000;'>|</span><a style='display:inline-block;' href='https://www.ck180.net/search.html?q=@' target='_blank' style=''>CK电影部落</a><span style='padding:0px 5px;color: #000;'>|</span><a style='display:inline-block;' href='http://www.lbldy.com/search?q=@' target='_blank' style=''>龙部落</a><span style='padding:0px 5px;color: #000;'>|</span><a style='display:inline-block;' href='https://www.piaohua.com/plus/search.php?kwtype=0&keyword=@' target='_blank' style=''>飘花电影</a><span style='padding:0px 5px;color: #000;'>|</span><a style='display:inline-block;' href='https://www.yugaopian.cn/?keyword=@&view=search' target='_blank' style=''>预告片世界</a><span style='padding:0px 5px;color: #000;'>|</span><a style='display:inline-block;' href='http://gaoqing.la/?s=@' target='_blank' style=''>中国高清网</a><span style='padding:0px 5px;color: #000;'>|</span><a style='display:inline-block;' href='http://www.youzhidy.com/plus/search.php?kwtype=0&q=@' target='_blank' style=''>优质电影网</a><span style='padding:0px 5px;color: #000;'>|</span><a style='display:inline-block;' href='https://www.moviewg.com/index.php?keyword=@' target='_blank' style=''>电影王国</a><span style='padding:0px 5px;color: #000;'>|</span><a style='display:inline-block;' href='http://www.ibtbb.com/?s=@' target='_blank' style=''>思享</a><span style='padding:0px 5px;color: #000;'>|</span><a style='display:inline-block;' href='http://www.ttmeiju.vip/index.php/search/index.html?keyword=@' target='_blank' style=''>天天美剧</a><span style='padding:0px 5px;color: #000;'>|</span><a style='display:inline-block;' href='http://dbfansub.com/?s=@' target='_blank' style=''>电波字幕组</a><span style='padding:0px 5px;color: #000;'>|</span></div><div style='padding:5px 0px;' id='plugin-quzhuanpan-book-1'><span style='color:#000;'><img style='width:13px;vertical-align:middle;padding-right:4px;' src='http://www.quzhuanpan.com/media/image/plugin/book.png'>电子书传送：</span><a style='display:inline-block;' href='http://www.quzhuanpan.com/source/search.action?q=@' target='_blank' style=''>去转盘网</a><span style='padding:0px 5px;color: #000;'>|</span><a style='display:inline-block;' href='http://mebook.cc/?s=@' target='_blank' style=''>我的小书屋</a><span style='padding:0px 5px;color: #000;'>|</span><a style='display:inline-block;' href='https://bookfere.com/?s=@&post_type=post' target='_blank' style=''>书伴</a><span style='padding:0px 5px;color: #000;'>|</span><a style='display:inline-block;' href='https://www.qidian.com/search?kw=@' target='_blank' style=''>起点中文网</a><span style='padding:0px 5px;color: #000;'>|</span><a style='display:inline-block;' href='http://www.zoudupai.com/book/share?kw=@' target='_blank' style=''>走读派</a><span style='padding:0px 5px;color: #000;'>|</span><a style='display:inline-block;' href='http://search.zongheng.com/s?keyword=@' target='_blank' style=''>纵横中文网</a><span style='padding:0px 5px;color: #000;'>|</span><a style='display:inline-block;' href='https://zure.fun/book/search/?q=@' target='_blank' style=''>zure</a><span style='padding:0px 5px;color: #000;'>|</span><a style='display:inline-block;' href='https://www.hongxiu.com/search?kw=@' target='_blank' style=''>红袖添香</a><span style='padding:0px 5px;color: #000;'>|</span><a style='display:inline-block;' href='https://www.yuekanshuwu.com/search/@' target='_blank' style=''>悦看书屋</a><span style='padding:0px 5px;color: #000;'>|</span><a style='display:inline-block;' href='http://www.xxsy.net/search?s_wd=@' target='_blank' style=''>潇湘书院</a><span style='padding:0px 5px;color: #000;'>|</span><a style='display:inline-block;' href='https://vol.moe/list.php?s=@' target='_blank' style=''>kindle漫画</a><span style='padding:0px 5px;color: #000;'>|</span><a style='display:inline-block;' href='http://search.17k.com/search.xhtml?c.st=0&c.q=@' target='_blank' style=''>17K小说网</a><span style='padding:0px 5px;color: #000;'>|</span><a style='display:inline-block;' href='http://www.gutenberg.org/ebooks/search/?query=@' target='_blank' style=''>古登堡计划</a><span style='padding:0px 5px;color: #000;'>|</span><a style='display:inline-block;' href='https://www.readnovel.com/search?kw=@' target='_blank' style=''>小说阅读网</a><span style='padding:0px 5px;color: #000;'>|</span><a style='display:inline-block;' href='https://www.owllook.net/search?wd=@' target='_blank' style=''>最易读</a><span style='padding:0px 5px;color: #000;'>|</span><a style='display:inline-block;' href='https://www.qidian.com/mm/search?kw=@' target='_blank' style=''>起点女生网</a><span style='padding:0px 5px;color: #000;'>|</span><a style='display:inline-block;' href='https://www.boyunso.com/search/?kw=@&jq=12' target='_blank' style=''>拨云</a><span style='padding:0px 5px;color: #000;'>|</span><a style='display:inline-block;' href='http://ctext.org/searchbooks.pl?if=gb&searchu=@' target='_blank' style=''>中國哲學書電子化計劃</a><span style='padding:0px 5px;color: #000;'>|</span><a style='display:inline-block;' href='https://www.xiashu.la/search.html?searchkey=@&searchtype=all' target='_blank' style=''>下书网</a><span style='padding:0px 5px;color: #000;'>|</span><a style='display:inline-block;' href='http://www.zxcs.me/index.php?keyword=@' target='_blank' style=''>知轩藏书</a><span style='padding:0px 5px;color: #000;'>|</span></div><div style='padding:5px 0px;' id='plugin-quzhuanpan-music-1'><span style='color:#000;'><img style='width:13px;vertical-align:middle;padding-right:4px;' src='http://www.quzhuanpan.com/media/image/plugin/music.png'>音乐传送：</span><a style='display:inline-block;' href='http://www.quzhuanpan.com/source/search.action?q=@' target='_blank' style=''>去转盘</a><span style='padding:0px 5px;color: #000;'>|</span><a style='display:inline-block;' href='https://www.sq688.com/search.php?key=@' target='_blank' style=''>超高无损音乐</a><span style='padding:0px 5px;color: #000;'>|</span><a style='display:inline-block;' href='https://music.163.com/#/search/m/?s=@' target='_blank' style=''>网易云音乐</a><span style='padding:0px 5px;color: #000;'>|</span><a style='display:inline-block;' href='https://www.xiami.com/search?key=@&pos=1' target='_blank' style=''>虾米音乐</a><span style='padding:0px 5px;color: #000;'>|</span><a style='display:inline-block;' href='https://y.qq.com/portal/search.html#page=1&searchid=1&remoteplace=txt.yqq.top&t=song&w=@' target='_blank' style=''>QQ音乐</a><span style='padding:0px 5px;color: #000;'>|</span><a style='display:inline-block;' href='http://search.5sing.kugou.com/?keyword=@' target='_blank' style=''>51sing原创</a><span style='padding:0px 5px;color: #000;'>|</span><a style='display:inline-block;' href='https://so.1ting.com/all.do?q=@' target='_blank' style=''>一听音乐</a><span style='padding:0px 5px;color: #000;'>|</span><a style='display:inline-block;' href='http://www.kugou.com/yy/html/search.html#searchType=song&searchKeyWord=@' target='_blank' style=''>酷狗音乐</a><span style='padding:0px 5px;color: #000;'>|</span><a style='display:inline-block;' href='http://music.taihe.com/search?key=@' target='_blank' style=''>百度音乐</a><span style='padding:0px 5px;color: #000;'>|</span><a style='display:inline-block;' href='http://sou.kuwo.cn/ws/NSearch?type=all&catalog=yueku20177&key=@' target='_blank' style=''>酷我音乐盒</a><span style='padding:0px 5px;color: #000;'>|</span><a style='display:inline-block;' href='http://www.yinyueke.net/index.php?keyword=@' target='_blank' style=''>音乐客</a><span style='padding:0px 5px;color: #000;'>|</span><a style='display:inline-block;' href='https://www.bandari.net/search?q=@&type=%E5%8D%95%E6%9B%B2' target='_blank' style=''>班得瑞</a><span style='padding:0px 5px;color: #000;'>|</span></div><div style='padding:5px 0px;' id='plugin-quzhuanpan-document-1'><span style='color:#000;'><img style='width:13px;vertical-align:middle;padding-right:4px;' src='http://www.quzhuanpan.com/media/image/plugin/document.png'>文档传送：</span><a style='display:inline-block;' href='http://www.quzhuanpan.com/source/search.action?q=@&currentPage=1' target='_blank' style=''>去转盘网</a><span style='padding:0px 5px;color: #000;'>|</span><a style='display:inline-block;' href='http://www.wocali.com/s/search.action?q=@&currentPage=1' target='_blank' style=''>嚓哩文库</a><span style='padding:0px 5px;color: #000;'>|</span><a style='display:inline-block;' href='http://www.xkreading.com/?s=@' target='_blank' style=''>醒客读书</a><span style='padding:0px 5px;color: #000;'>|</span><a style='display:inline-block;' href='https://www.wenku1.net/list/@' target='_blank' style=''>第一文库网</a><span style='padding:0px 5px;color: #000;'>|</span><a style='display:inline-block;' href='http://8btc.com/doc-list.html?k=@&p=1&t=--&s=1&u=' target='_blank' style=''>巴比特</a><span style='padding:0px 5px;color: #000;'>|</span><a style='display:inline-block;' href='http://wenku.zixin.com.cn/search.php?kw=@' target='_blank' style=''>资信文库</a><span style='padding:0px 5px;color: #000;'>|</span><a style='display:inline-block;' href='http://www.doc88.com/tag/@' target='_blank' style=''>道客巴巴</a><span style='padding:0px 5px;color: #000;'>|</span><a style='display:inline-block;' href='http://www.docin.com/search.do?searchcat=1001&searchType_banner=p&nkey=@' target='_blank' style=''>豆丁</a><span style='padding:0px 5px;color: #000;'>|</span><a style='display:inline-block;' href='https://wenku.ofweek.com/modules/search.php?type_list=wk&title=@&x=0&y=0&type=1' target='_blank' style=''>技术文库</a><span style='padding:0px 5px;color: #000;'>|</span><a style='display:inline-block;' href='http://wenku.it168.com/search?key=@' target='_blank' style=''>IT168文库</a><span style='padding:0px 5px;color: #000;'>|</span><a style='display:inline-block;' href='http://wenku.foodmate.net/down/search.php?kw=@&fileext=' target='_blank' style=''>食品文库</a><span style='padding:0px 5px;color: #000;'>|</span><a style='display:inline-block;' href='http://zhzdwk.com/search?q=@' target='_blank' style=''>纵横知道文库</a><span style='padding:0px 5px;color: #000;'>|</span><a style='display:inline-block;' href='http://www.360doc.com/search.html?type=0&word=@' target='_blank' style=''>360doc</a><span style='padding:0px 5px;color: #000;'>|</span><a style='display:inline-block;' href='https://s.1688.com/wiki/wiki_search.htm?keywords=@&n=y&from=baikeSearch' target='_blank' style=''>文库</a><span style='padding:0px 5px;color: #000;'>|</span><a style='display:inline-block;' href='http://so.ixumu.com/cse/search?s=11028742910298575444&q=@' target='_blank' style=''>爱畜牧文库</a><span style='padding:0px 5px;color: #000;'>|</span><a style='display:inline-block;' href='http://www.pv265.com/' target='_blank' style=''>工程学习网</a><span style='padding:0px 5px;color: #000;'>|</span><a style='display:inline-block;' href='http://www.mswk.cn/' target='_blank' style=''>秘书文库</a><span style='padding:0px 5px;color: #000;'>|</span><a style='display:inline-block;' href='https://www.aozora.gr.jp/' target='_blank' style=''>青空文库</a><span style='padding:0px 5px;color: #000;'>|</span><a style='display:inline-block;' href='http://www.5ucom.com/list.html' target='_blank' style=''>无忧商务文档</a><span style='padding:0px 5px;color: #000;'>|</span></div><div style='padding:5px 0px;' id='plugin-quzhuanpan-pic-1'><span style='color:#000;'><img style='width:13px;vertical-align:middle;padding-right:4px;' src='http://www.quzhuanpan.com/media/image/plugin/pic.png'>图片传送：</span><a style='display:inline-block;' href='http://www.58pic.com/' target='_blank' style=''>千图网</a><span style='padding:0px 5px;color: #000;'>|</span><a style='display:inline-block;' href='https://pixabay.com/' target='_blank' style=''>pixabay</a><span style='padding:0px 5px;color: #000;'>|</span><a style='display:inline-block;' href='https://stocksnap.io/' target='_blank' style=''>stocksnap</a><span style='padding:0px 5px;color: #000;'>|</span><a style='display:inline-block;' href='https://500px.com/' target='_blank' style=''>500px</a><span style='padding:0px 5px;color: #000;'>|</span><a style='display:inline-block;' href='https://alpha.wallhaven.cc/' target='_blank' style=''>wallhaven</a><span style='padding:0px 5px;color: #000;'>|</span><a style='display:inline-block;' href='https://www.deviantart.com/' target='_blank' style=''>deviantart</a><span style='padding:0px 5px;color: #000;'>|</span><a style='display:inline-block;' href='https://www.gratisography.com/' target='_blank' style=''>gratisography</a><span style='padding:0px 5px;color: #000;'>|</span><a style='display:inline-block;' href='http://pngimg.com/' target='_blank' style=''>pngimg</a><span style='padding:0px 5px;color: #000;'>|</span><a style='display:inline-block;' href='http://588ku.com/' target='_blank' style=''>千库网</a><span style='padding:0px 5px;color: #000;'>|</span><a style='display:inline-block;' href='https://foodiesfeed.com/' target='_blank' style=''>食物foodiesfeed</a><span style='padding:0px 5px;color: #000;'>|</span><a style='display:inline-block;' href='http://www.cutestpaw.com/' target='_blank' style=''>宠物</a><span style='padding:0px 5px;color: #000;'>|</span><a style='display:inline-block;' href='https://psiupuxa.com/' target='_blank' style=''>太空壁纸</a><span style='padding:0px 5px;color: #000;'>|</span></div></div></div>\",\"html_cue_bing\":\"<li class='b_ans'><div class='b_rrsr'><h2 title='相关推荐'>相关推荐<img id='plugin-quzhuanpan-ac1' style='cursor:pointer;width:14px;vertical-align:middle;padding-left:10px;' src='http://www.quzhuanpan.com/media/image/plugin/open_close.png'></h3><div style='font-size:13px;'><div style='padding:5px 0px;' id='plugin-quzhuanpan-pan-1'></div><div style='padding:5px 0px;' id='plugin-quzhuanpan-movie-1'><span style='color:#000;'><img style='width:13px;vertical-align:middle;padding-right:4px;' src='http://www.quzhuanpan.com/media/image/plugin/movie.png'>电影传送：</span><a style='display:inline-block;' href='http://www.quzhuanpan.com/source/search.action?q=@' target='_blank' style=''>去转盘</a><span style='padding:0px 5px;color: #000;'>|</span><a style='display:inline-block;' href='https://search.bilibili.com/all?keyword=@&from_source=banner_search' target='_blank' style=''>哔哩哔哩</a><span style='padding:0px 5px;color: #000;'>|</span><a style='display:inline-block;' href='http://www.acfun.cn/search/#query=@' target='_blank' style=''>AcFun</a><span style='padding:0px 5px;color: #000;'>|</span><a style='display:inline-block;' href='https://thepiratebay.org/search/@' target='_blank' style=''>The Pirate Ba</a><span style='padding:0px 5px;color: #000;'>|</span><a style='display:inline-block;' href='http://so.iqiyi.com/so/q_@?source=input&sr=1216260475904' target='_blank' style=''>爱奇艺搜索</a><span style='padding:0px 5px;color: #000;'>|</span><a style='display:inline-block;' href='https://kickass2.ch/usearch/@' target='_blank' style=''>KickAss</a><span style='padding:0px 5px;color: #000;'>|</span><a style='display:inline-block;' href='http://v.qq.com/x/search/?q=@&stag=0&smartbox_ab=' target='_blank' style=''>腾讯视频</a><span style='padding:0px 5px;color: #000;'>|</span><a style='display:inline-block;' href='http://www.dysfz.vip/key/@/' target='_blank' style=''>电影首发站</a><span style='padding:0px 5px;color: #000;'>|</span><a style='display:inline-block;' href='http://so.le.com/s?wd=@' target='_blank' style=''>乐视视频</a><span style='padding:0px 5px;color: #000;'>|</span><a style='display:inline-block;' href='http://www.ed2000.me/search.aspx?SearchWord=@&searchMethod=ED2000' target='_blank' style=''>ED2000</a><span style='padding:0px 5px;color: #000;'>|</span><a style='display:inline-block;' href='http://so.tv.sohu.com/mts?box=1&wd=@' target='_blank' style=''>搜狐视频</a><span style='padding:0px 5px;color: #000;'>|</span><a style='display:inline-block;' href='https://rarbg.is/torrents.php?search=@&category[]=14&category[]=48&category[]=17&category[]=44&category[]=45&category[]=47&category[]=50&category[]=51&category[]=52&category[]=42&category[]=46&category[]=18&category[]=41&category[]=49\\\"' target='_blank' style=''>RARBG</a><span style='padding:0px 5px;color: #000;'>|</span><a style='display:inline-block;' href='https://so.youku.com/search_video/q_@' target='_blank' style=''>优酷视频</a><span style='padding:0px 5px;color: #000;'>|</span><a style='display:inline-block;' href='https://www.bd-film.cc/search.jspx?q=@' target='_blank' style=''>DB影视</a><span style='padding:0px 5px;color: #000;'>|</span><a style='display:inline-block;' href='http://search.pptv.com/s_video?kw=@&context=default' target='_blank' style=''>PP视频</a><span style='padding:0px 5px;color: #000;'>|</span><a style='display:inline-block;' href='https://www.ck180.net/search.html?q=@' target='_blank' style=''>CK电影部落</a><span style='padding:0px 5px;color: #000;'>|</span><a style='display:inline-block;' href='http://www.lbldy.com/search?q=@' target='_blank' style=''>龙部落</a><span style='padding:0px 5px;color: #000;'>|</span><a style='display:inline-block;' href='https://www.piaohua.com/plus/search.php?kwtype=0&keyword=@' target='_blank' style=''>飘花电影</a><span style='padding:0px 5px;color: #000;'>|</span><a style='display:inline-block;' href='https://www.yugaopian.cn/?keyword=@&view=search' target='_blank' style=''>预告片世界</a><span style='padding:0px 5px;color: #000;'>|</span><a style='display:inline-block;' href='http://gaoqing.la/?s=@' target='_blank' style=''>中国高清网</a><span style='padding:0px 5px;color: #000;'>|</span><a style='display:inline-block;' href='http://www.youzhidy.com/plus/search.php?kwtype=0&q=@' target='_blank' style=''>优质电影网</a><span style='padding:0px 5px;color: #000;'>|</span><a style='display:inline-block;' href='https://www.moviewg.com/index.php?keyword=@' target='_blank' style=''>电影王国</a><span style='padding:0px 5px;color: #000;'>|</span><a style='display:inline-block;' href='http://www.ibtbb.com/?s=@' target='_blank' style=''>思享</a><span style='padding:0px 5px;color: #000;'>|</span><a style='display:inline-block;' href='http://www.ttmeiju.vip/index.php/search/index.html?keyword=@' target='_blank' style=''>天天美剧</a><span style='padding:0px 5px;color: #000;'>|</span><a style='display:inline-block;' href='http://dbfansub.com/?s=@' target='_blank' style=''>电波字幕组</a><span style='padding:0px 5px;color: #000;'>|</span></div><div style='padding:5px 0px;' id='plugin-quzhuanpan-book-1'><span style='color:#000;'><img style='width:13px;vertical-align:middle;padding-right:4px;' src='http://www.quzhuanpan.com/media/image/plugin/book.png'>电子书传送：</span><a style='display:inline-block;' href='http://www.quzhuanpan.com/source/search.action?q=@' target='_blank' style=''>去转盘网</a><span style='padding:0px 5px;color: #000;'>|</span><a style='display:inline-block;' href='http://mebook.cc/?s=@' target='_blank' style=''>我的小书屋</a><span style='padding:0px 5px;color: #000;'>|</span><a style='display:inline-block;' href='https://bookfere.com/?s=@&post_type=post' target='_blank' style=''>书伴</a><span style='padding:0px 5px;color: #000;'>|</span><a style='display:inline-block;' href='https://www.qidian.com/search?kw=@' target='_blank' style=''>起点中文网</a><span style='padding:0px 5px;color: #000;'>|</span><a style='display:inline-block;' href='http://www.zoudupai.com/book/share?kw=@' target='_blank' style=''>走读派</a><span style='padding:0px 5px;color: #000;'>|</span><a style='display:inline-block;' href='http://search.zongheng.com/s?keyword=@' target='_blank' style=''>纵横中文网</a><span style='padding:0px 5px;color: #000;'>|</span><a style='display:inline-block;' href='https://zure.fun/book/search/?q=@' target='_blank' style=''>zure</a><span style='padding:0px 5px;color: #000;'>|</span><a style='display:inline-block;' href='https://www.hongxiu.com/search?kw=@' target='_blank' style=''>红袖添香</a><span style='padding:0px 5px;color: #000;'>|</span><a style='display:inline-block;' href='https://www.yuekanshuwu.com/search/@' target='_blank' style=''>悦看书屋</a><span style='padding:0px 5px;color: #000;'>|</span><a style='display:inline-block;' href='http://www.xxsy.net/search?s_wd=@' target='_blank' style=''>潇湘书院</a><span style='padding:0px 5px;color: #000;'>|</span><a style='display:inline-block;' href='https://vol.moe/list.php?s=@' target='_blank' style=''>kindle漫画</a><span style='padding:0px 5px;color: #000;'>|</span><a style='display:inline-block;' href='http://search.17k.com/search.xhtml?c.st=0&c.q=@' target='_blank' style=''>17K小说网</a><span style='padding:0px 5px;color: #000;'>|</span><a style='display:inline-block;' href='http://www.gutenberg.org/ebooks/search/?query=@' target='_blank' style=''>古登堡计划</a><span style='padding:0px 5px;color: #000;'>|</span><a style='display:inline-block;' href='https://www.readnovel.com/search?kw=@' target='_blank' style=''>小说阅读网</a><span style='padding:0px 5px;color: #000;'>|</span><a style='display:inline-block;' href='https://www.owllook.net/search?wd=@' target='_blank' style=''>最易读</a><span style='padding:0px 5px;color: #000;'>|</span><a style='display:inline-block;' href='https://www.qidian.com/mm/search?kw=@' target='_blank' style=''>起点女生网</a><span style='padding:0px 5px;color: #000;'>|</span><a style='display:inline-block;' href='https://www.boyunso.com/search/?kw=@&jq=12' target='_blank' style=''>拨云</a><span style='padding:0px 5px;color: #000;'>|</span><a style='display:inline-block;' href='http://ctext.org/searchbooks.pl?if=gb&searchu=@' target='_blank' style=''>中國哲學書電子化計劃</a><span style='padding:0px 5px;color: #000;'>|</span><a style='display:inline-block;' href='https://www.xiashu.la/search.html?searchkey=@&searchtype=all' target='_blank' style=''>下书网</a><span style='padding:0px 5px;color: #000;'>|</span><a style='display:inline-block;' href='http://www.zxcs.me/index.php?keyword=@' target='_blank' style=''>知轩藏书</a><span style='padding:0px 5px;color: #000;'>|</span></div><div style='padding:5px 0px;' id='plugin-quzhuanpan-music-1'><span style='color:#000;'><img style='width:13px;vertical-align:middle;padding-right:4px;' src='http://www.quzhuanpan.com/media/image/plugin/music.png'>音乐传送：</span><a style='display:inline-block;' href='http://www.quzhuanpan.com/source/search.action?q=@' target='_blank' style=''>去转盘</a><span style='padding:0px 5px;color: #000;'>|</span><a style='display:inline-block;' href='https://www.sq688.com/search.php?key=@' target='_blank' style=''>超高无损音乐</a><span style='padding:0px 5px;color: #000;'>|</span><a style='display:inline-block;' href='https://music.163.com/#/search/m/?s=@' target='_blank' style=''>网易云音乐</a><span style='padding:0px 5px;color: #000;'>|</span><a style='display:inline-block;' href='https://www.xiami.com/search?key=@&pos=1' target='_blank' style=''>虾米音乐</a><span style='padding:0px 5px;color: #000;'>|</span><a style='display:inline-block;' href='https://y.qq.com/portal/search.html#page=1&searchid=1&remoteplace=txt.yqq.top&t=song&w=@' target='_blank' style=''>QQ音乐</a><span style='padding:0px 5px;color: #000;'>|</span><a style='display:inline-block;' href='http://search.5sing.kugou.com/?keyword=@' target='_blank' style=''>51sing原创</a><span style='padding:0px 5px;color: #000;'>|</span><a style='display:inline-block;' href='https://so.1ting.com/all.do?q=@' target='_blank' style=''>一听音乐</a><span style='padding:0px 5px;color: #000;'>|</span><a style='display:inline-block;' href='http://www.kugou.com/yy/html/search.html#searchType=song&searchKeyWord=@' target='_blank' style=''>酷狗音乐</a><span style='padding:0px 5px;color: #000;'>|</span><a style='display:inline-block;' href='http://music.taihe.com/search?key=@' target='_blank' style=''>百度音乐</a><span style='padding:0px 5px;color: #000;'>|</span><a style='display:inline-block;' href='http://sou.kuwo.cn/ws/NSearch?type=all&catalog=yueku20177&key=@' target='_blank' style=''>酷我音乐盒</a><span style='padding:0px 5px;color: #000;'>|</span><a style='display:inline-block;' href='http://www.yinyueke.net/index.php?keyword=@' target='_blank' style=''>音乐客</a><span style='padding:0px 5px;color: #000;'>|</span><a style='display:inline-block;' href='https://www.bandari.net/search?q=@&type=%E5%8D%95%E6%9B%B2' target='_blank' style=''>班得瑞</a><span style='padding:0px 5px;color: #000;'>|</span></div><div style='padding:5px 0px;' id='plugin-quzhuanpan-document-1'><span style='color:#000;'><img style='width:13px;vertical-align:middle;padding-right:4px;' src='http://www.quzhuanpan.com/media/image/plugin/document.png'>文档传送：</span><a style='display:inline-block;' href='http://www.quzhuanpan.com/source/search.action?q=@&currentPage=1' target='_blank' style=''>去转盘网</a><span style='padding:0px 5px;color: #000;'>|</span><a style='display:inline-block;' href='http://www.wocali.com/s/search.action?q=@&currentPage=1' target='_blank' style=''>嚓哩文库</a><span style='padding:0px 5px;color: #000;'>|</span><a style='display:inline-block;' href='http://www.xkreading.com/?s=@' target='_blank' style=''>醒客读书</a><span style='padding:0px 5px;color: #000;'>|</span><a style='display:inline-block;' href='https://www.wenku1.net/list/@' target='_blank' style=''>第一文库网</a><span style='padding:0px 5px;color: #000;'>|</span><a style='display:inline-block;' href='http://8btc.com/doc-list.html?k=@&p=1&t=--&s=1&u=' target='_blank' style=''>巴比特</a><span style='padding:0px 5px;color: #000;'>|</span><a style='display:inline-block;' href='http://wenku.zixin.com.cn/search.php?kw=@' target='_blank' style=''>资信文库</a><span style='padding:0px 5px;color: #000;'>|</span><a style='display:inline-block;' href='http://www.doc88.com/tag/@' target='_blank' style=''>道客巴巴</a><span style='padding:0px 5px;color: #000;'>|</span><a style='display:inline-block;' href='http://www.docin.com/search.do?searchcat=1001&searchType_banner=p&nkey=@' target='_blank' style=''>豆丁</a><span style='padding:0px 5px;color: #000;'>|</span><a style='display:inline-block;' href='https://wenku.ofweek.com/modules/search.php?type_list=wk&title=@&x=0&y=0&type=1' target='_blank' style=''>技术文库</a><span style='padding:0px 5px;color: #000;'>|</span><a style='display:inline-block;' href='http://wenku.it168.com/search?key=@' target='_blank' style=''>IT168文库</a><span style='padding:0px 5px;color: #000;'>|</span><a style='display:inline-block;' href='http://wenku.foodmate.net/down/search.php?kw=@&fileext=' target='_blank' style=''>食品文库</a><span style='padding:0px 5px;color: #000;'>|</span><a style='display:inline-block;' href='http://zhzdwk.com/search?q=@' target='_blank' style=''>纵横知道文库</a><span style='padding:0px 5px;color: #000;'>|</span><a style='display:inline-block;' href='http://www.360doc.com/search.html?type=0&word=@' target='_blank' style=''>360doc</a><span style='padding:0px 5px;color: #000;'>|</span><a style='display:inline-block;' href='https://s.1688.com/wiki/wiki_search.htm?keywords=@&n=y&from=baikeSearch' target='_blank' style=''>文库</a><span style='padding:0px 5px;color: #000;'>|</span><a style='display:inline-block;' href='http://so.ixumu.com/cse/search?s=11028742910298575444&q=@' target='_blank' style=''>爱畜牧文库</a><span style='padding:0px 5px;color: #000;'>|</span><a style='display:inline-block;' href='http://www.pv265.com/' target='_blank' style=''>工程学习网</a><span style='padding:0px 5px;color: #000;'>|</span><a style='display:inline-block;' href='http://www.mswk.cn/' target='_blank' style=''>秘书文库</a><span style='padding:0px 5px;color: #000;'>|</span><a style='display:inline-block;' href='https://www.aozora.gr.jp/' target='_blank' style=''>青空文库</a><span style='padding:0px 5px;color: #000;'>|</span><a style='display:inline-block;' href='http://www.5ucom.com/list.html' target='_blank' style=''>无忧商务文档</a><span style='padding:0px 5px;color: #000;'>|</span></div><div style='padding:5px 0px;' id='plugin-quzhuanpan-pic-1'><span style='color:#000;'><img style='width:13px;vertical-align:middle;padding-right:4px;' src='http://www.quzhuanpan.com/media/image/plugin/pic.png'>图片传送：</span><a style='display:inline-block;' href='http://www.58pic.com/' target='_blank' style=''>千图网</a><span style='padding:0px 5px;color: #000;'>|</span><a style='display:inline-block;' href='https://pixabay.com/' target='_blank' style=''>pixabay</a><span style='padding:0px 5px;color: #000;'>|</span><a style='display:inline-block;' href='https://stocksnap.io/' target='_blank' style=''>stocksnap</a><span style='padding:0px 5px;color: #000;'>|</span><a style='display:inline-block;' href='https://500px.com/' target='_blank' style=''>500px</a><span style='padding:0px 5px;color: #000;'>|</span><a style='display:inline-block;' href='https://alpha.wallhaven.cc/' target='_blank' style=''>wallhaven</a><span style='padding:0px 5px;color: #000;'>|</span><a style='display:inline-block;' href='https://www.deviantart.com/' target='_blank' style=''>deviantart</a><span style='padding:0px 5px;color: #000;'>|</span><a style='display:inline-block;' href='https://www.gratisography.com/' target='_blank' style=''>gratisography</a><span style='padding:0px 5px;color: #000;'>|</span><a style='display:inline-block;' href='http://pngimg.com/' target='_blank' style=''>pngimg</a><span style='padding:0px 5px;color: #000;'>|</span><a style='display:inline-block;' href='http://588ku.com/' target='_blank' style=''>千库网</a><span style='padding:0px 5px;color: #000;'>|</span><a style='display:inline-block;' href='https://foodiesfeed.com/' target='_blank' style=''>食物foodiesfeed</a><span style='padding:0px 5px;color: #000;'>|</span><a style='display:inline-block;' href='http://www.cutestpaw.com/' target='_blank' style=''>宠物</a><span style='padding:0px 5px;color: #000;'>|</span><a style='display:inline-block;' href='https://psiupuxa.com/' target='_blank' style=''>太空壁纸</a><span style='padding:0px 5px;color: #000;'>|</span></div></div></div></li>\",\"html_cue_zhihu\":\"<div class='List'><div style='padding: 16px 20px;'><div style='padding:5px 0px; color: #175199;'><span style='color:#000;'><img style='width:13px;vertical-align:middle;padding-right:4px;' src='http://www.quzhuanpan.com/media/image/plugin/movie.png'>电影传送：</span><a style='display:inline-block;' href='http://www.quzhuanpan.com/source/search.action?q=@' target='_blank' style=''>去转盘</a><span style='padding:0px 5px;color: #000;'>|</span><a style='display:inline-block;' href='https://search.bilibili.com/all?keyword=@&from_source=banner_search' target='_blank' style=''>哔哩哔哩</a><span style='padding:0px 5px;color: #000;'>|</span><a style='display:inline-block;' href='http://www.acfun.cn/search/#query=@' target='_blank' style=''>AcFun</a><span style='padding:0px 5px;color: #000;'>|</span><a style='display:inline-block;' href='https://thepiratebay.org/search/@' target='_blank' style=''>The Pirate Ba</a><span style='padding:0px 5px;color: #000;'>|</span><a style='display:inline-block;' href='http://so.iqiyi.com/so/q_@?source=input&sr=1216260475904' target='_blank' style=''>爱奇艺搜索</a><span style='padding:0px 5px;color: #000;'>|</span><a style='display:inline-block;' href='https://kickass2.ch/usearch/@' target='_blank' style=''>KickAss</a><span style='padding:0px 5px;color: #000;'>|</span><a style='display:inline-block;' href='http://v.qq.com/x/search/?q=@&stag=0&smartbox_ab=' target='_blank' style=''>腾讯视频</a><span style='padding:0px 5px;color: #000;'>|</span><a style='display:inline-block;' href='http://www.dysfz.vip/key/@/' target='_blank' style=''>电影首发站</a><span style='padding:0px 5px;color: #000;'>|</span><a style='display:inline-block;' href='http://so.le.com/s?wd=@' target='_blank' style=''>乐视视频</a><span style='padding:0px 5px;color: #000;'>|</span><a style='display:inline-block;' href='http://www.ed2000.me/search.aspx?SearchWord=@&searchMethod=ED2000' target='_blank' style=''>ED2000</a><span style='padding:0px 5px;color: #000;'>|</span><a style='display:inline-block;' href='http://so.tv.sohu.com/mts?box=1&wd=@' target='_blank' style=''>搜狐视频</a><span style='padding:0px 5px;color: #000;'>|</span><a style='display:inline-block;' href='https://rarbg.is/torrents.php?search=@&category[]=14&category[]=48&category[]=17&category[]=44&category[]=45&category[]=47&category[]=50&category[]=51&category[]=52&category[]=42&category[]=46&category[]=18&category[]=41&category[]=49\\\"' target='_blank' style=''>RARBG</a><span style='padding:0px 5px;color: #000;'>|</span><a style='display:inline-block;' href='https://so.youku.com/search_video/q_@' target='_blank' style=''>优酷视频</a><span style='padding:0px 5px;color: #000;'>|</span><a style='display:inline-block;' href='https://www.bd-film.cc/search.jspx?q=@' target='_blank' style=''>DB影视</a><span style='padding:0px 5px;color: #000;'>|</span><a style='display:inline-block;' href='http://search.pptv.com/s_video?kw=@&context=default' target='_blank' style=''>PP视频</a><span style='padding:0px 5px;color: #000;'>|</span><a style='display:inline-block;' href='https://www.ck180.net/search.html?q=@' target='_blank' style=''>CK电影部落</a><span style='padding:0px 5px;color: #000;'>|</span><a style='display:inline-block;' href='http://www.lbldy.com/search?q=@' target='_blank' style=''>龙部落</a><span style='padding:0px 5px;color: #000;'>|</span><a style='display:inline-block;' href='https://www.piaohua.com/plus/search.php?kwtype=0&keyword=@' target='_blank' style=''>飘花电影</a><span style='padding:0px 5px;color: #000;'>|</span><a style='display:inline-block;' href='https://www.yugaopian.cn/?keyword=@&view=search' target='_blank' style=''>预告片世界</a><span style='padding:0px 5px;color: #000;'>|</span><a style='display:inline-block;' href='http://gaoqing.la/?s=@' target='_blank' style=''>中国高清网</a><span style='padding:0px 5px;color: #000;'>|</span><a style='display:inline-block;' href='http://www.youzhidy.com/plus/search.php?kwtype=0&q=@' target='_blank' style=''>优质电影网</a><span style='padding:0px 5px;color: #000;'>|</span><a style='display:inline-block;' href='https://www.moviewg.com/index.php?keyword=@' target='_blank' style=''>电影王国</a><span style='padding:0px 5px;color: #000;'>|</span><a style='display:inline-block;' href='http://www.ibtbb.com/?s=@' target='_blank' style=''>思享</a><span style='padding:0px 5px;color: #000;'>|</span><a style='display:inline-block;' href='http://www.ttmeiju.vip/index.php/search/index.html?keyword=@' target='_blank' style=''>天天美剧</a><span style='padding:0px 5px;color: #000;'>|</span><a style='display:inline-block;' href='http://dbfansub.com/?s=@' target='_blank' style=''>电波字幕组</a><span style='padding:0px 5px;color: #000;'>|</span></div><div style='padding:5px 0px; color: #175199;'><span style='color:#000;'><img style='width:13px;vertical-align:middle;padding-right:4px;' src='http://www.quzhuanpan.com/media/image/plugin/book.png'>电子书传送：</span><a style='display:inline-block;' href='http://www.quzhuanpan.com/source/search.action?q=@' target='_blank' style=''>去转盘网</a><span style='padding:0px 5px;color: #000;'>|</span><a style='display:inline-block;' href='http://mebook.cc/?s=@' target='_blank' style=''>我的小书屋</a><span style='padding:0px 5px;color: #000;'>|</span><a style='display:inline-block;' href='https://bookfere.com/?s=@&post_type=post' target='_blank' style=''>书伴</a><span style='padding:0px 5px;color: #000;'>|</span><a style='display:inline-block;' href='https://www.qidian.com/search?kw=@' target='_blank' style=''>起点中文网</a><span style='padding:0px 5px;color: #000;'>|</span><a style='display:inline-block;' href='http://www.zoudupai.com/book/share?kw=@' target='_blank' style=''>走读派</a><span style='padding:0px 5px;color: #000;'>|</span><a style='display:inline-block;' href='http://search.zongheng.com/s?keyword=@' target='_blank' style=''>纵横中文网</a><span style='padding:0px 5px;color: #000;'>|</span><a style='display:inline-block;' href='https://zure.fun/book/search/?q=@' target='_blank' style=''>zure</a><span style='padding:0px 5px;color: #000;'>|</span><a style='display:inline-block;' href='https://www.hongxiu.com/search?kw=@' target='_blank' style=''>红袖添香</a><span style='padding:0px 5px;color: #000;'>|</span><a style='display:inline-block;' href='https://www.yuekanshuwu.com/search/@' target='_blank' style=''>悦看书屋</a><span style='padding:0px 5px;color: #000;'>|</span><a style='display:inline-block;' href='http://www.xxsy.net/search?s_wd=@' target='_blank' style=''>潇湘书院</a><span style='padding:0px 5px;color: #000;'>|</span><a style='display:inline-block;' href='https://vol.moe/list.php?s=@' target='_blank' style=''>kindle漫画</a><span style='padding:0px 5px;color: #000;'>|</span><a style='display:inline-block;' href='http://search.17k.com/search.xhtml?c.st=0&c.q=@' target='_blank' style=''>17K小说网</a><span style='padding:0px 5px;color: #000;'>|</span><a style='display:inline-block;' href='http://www.gutenberg.org/ebooks/search/?query=@' target='_blank' style=''>古登堡计划</a><span style='padding:0px 5px;color: #000;'>|</span><a style='display:inline-block;' href='https://www.readnovel.com/search?kw=@' target='_blank' style=''>小说阅读网</a><span style='padding:0px 5px;color: #000;'>|</span><a style='display:inline-block;' href='https://www.owllook.net/search?wd=@' target='_blank' style=''>最易读</a><span style='padding:0px 5px;color: #000;'>|</span><a style='display:inline-block;' href='https://www.qidian.com/mm/search?kw=@' target='_blank' style=''>起点女生网</a><span style='padding:0px 5px;color: #000;'>|</span><a style='display:inline-block;' href='https://www.boyunso.com/search/?kw=@&jq=12' target='_blank' style=''>拨云</a><span style='padding:0px 5px;color: #000;'>|</span><a style='display:inline-block;' href='http://ctext.org/searchbooks.pl?if=gb&searchu=@' target='_blank' style=''>中國哲學書電子化計劃</a><span style='padding:0px 5px;color: #000;'>|</span><a style='display:inline-block;' href='https://www.xiashu.la/search.html?searchkey=@&searchtype=all' target='_blank' style=''>下书网</a><span style='padding:0px 5px;color: #000;'>|</span><a style='display:inline-block;' href='http://www.zxcs.me/index.php?keyword=@' target='_blank' style=''>知轩藏书</a><span style='padding:0px 5px;color: #000;'>|</span></div><div style='padding:5px 0px; color: #175199;'><span style='color:#000;'><img style='width:13px;vertical-align:middle;padding-right:4px;' src='http://www.quzhuanpan.com/media/image/plugin/music.png'>音乐传送：</span><a style='display:inline-block;' href='http://www.quzhuanpan.com/source/search.action?q=@' target='_blank' style=''>去转盘</a><span style='padding:0px 5px;color: #000;'>|</span><a style='display:inline-block;' href='https://www.sq688.com/search.php?key=@' target='_blank' style=''>超高无损音乐</a><span style='padding:0px 5px;color: #000;'>|</span><a style='display:inline-block;' href='https://music.163.com/#/search/m/?s=@' target='_blank' style=''>网易云音乐</a><span style='padding:0px 5px;color: #000;'>|</span><a style='display:inline-block;' href='https://www.xiami.com/search?key=@&pos=1' target='_blank' style=''>虾米音乐</a><span style='padding:0px 5px;color: #000;'>|</span><a style='display:inline-block;' href='https://y.qq.com/portal/search.html#page=1&searchid=1&remoteplace=txt.yqq.top&t=song&w=@' target='_blank' style=''>QQ音乐</a><span style='padding:0px 5px;color: #000;'>|</span><a style='display:inline-block;' href='http://search.5sing.kugou.com/?keyword=@' target='_blank' style=''>51sing原创</a><span style='padding:0px 5px;color: #000;'>|</span><a style='display:inline-block;' href='https://so.1ting.com/all.do?q=@' target='_blank' style=''>一听音乐</a><span style='padding:0px 5px;color: #000;'>|</span><a style='display:inline-block;' href='http://www.kugou.com/yy/html/search.html#searchType=song&searchKeyWord=@' target='_blank' style=''>酷狗音乐</a><span style='padding:0px 5px;color: #000;'>|</span><a style='display:inline-block;' href='http://music.taihe.com/search?key=@' target='_blank' style=''>百度音乐</a><span style='padding:0px 5px;color: #000;'>|</span><a style='display:inline-block;' href='http://sou.kuwo.cn/ws/NSearch?type=all&catalog=yueku20177&key=@' target='_blank' style=''>酷我音乐盒</a><span style='padding:0px 5px;color: #000;'>|</span><a style='display:inline-block;' href='http://www.yinyueke.net/index.php?keyword=@' target='_blank' style=''>音乐客</a><span style='padding:0px 5px;color: #000;'>|</span><a style='display:inline-block;' href='https://www.bandari.net/search?q=@&type=%E5%8D%95%E6%9B%B2' target='_blank' style=''>班得瑞</a><span style='padding:0px 5px;color: #000;'>|</span></div></div></div>\",\"html_cue_douban_movie\":\"<div><span style='color:#000;'><img style='width:13px;vertical-align:middle;padding-right:4px;' src='http://www.quzhuanpan.com/media/image/plugin/movie.png'>电影传送：</span><a style='display:inline-block;' href='http://www.quzhuanpan.com/source/search.action?q=@' target='_blank' style=''>去转盘</a><span style='padding:0px 5px;color: #000;'>|</span><a style='display:inline-block;' href='https://search.bilibili.com/all?keyword=@&from_source=banner_search' target='_blank' style=''>哔哩哔哩</a><span style='padding:0px 5px;color: #000;'>|</span><a style='display:inline-block;' href='http://www.acfun.cn/search/#query=@' target='_blank' style=''>AcFun</a><span style='padding:0px 5px;color: #000;'>|</span><a style='display:inline-block;' href='https://thepiratebay.org/search/@' target='_blank' style=''>The Pirate Ba</a><span style='padding:0px 5px;color: #000;'>|</span><a style='display:inline-block;' href='http://so.iqiyi.com/so/q_@?source=input&sr=1216260475904' target='_blank' style=''>爱奇艺搜索</a><span style='padding:0px 5px;color: #000;'>|</span><a style='display:inline-block;' href='https://kickass2.ch/usearch/@' target='_blank' style=''>KickAss</a><span style='padding:0px 5px;color: #000;'>|</span><a style='display:inline-block;' href='http://v.qq.com/x/search/?q=@&stag=0&smartbox_ab=' target='_blank' style=''>腾讯视频</a><span style='padding:0px 5px;color: #000;'>|</span><a style='display:inline-block;' href='http://www.dysfz.vip/key/@/' target='_blank' style=''>电影首发站</a><span style='padding:0px 5px;color: #000;'>|</span><a style='display:inline-block;' href='http://so.le.com/s?wd=@' target='_blank' style=''>乐视视频</a><span style='padding:0px 5px;color: #000;'>|</span><a style='display:inline-block;' href='http://www.ed2000.me/search.aspx?SearchWord=@&searchMethod=ED2000' target='_blank' style=''>ED2000</a><span style='padding:0px 5px;color: #000;'>|</span><a style='display:inline-block;' href='http://so.tv.sohu.com/mts?box=1&wd=@' target='_blank' style=''>搜狐视频</a><span style='padding:0px 5px;color: #000;'>|</span><a style='display:inline-block;' href='https://rarbg.is/torrents.php?search=@&category[]=14&category[]=48&category[]=17&category[]=44&category[]=45&category[]=47&category[]=50&category[]=51&category[]=52&category[]=42&category[]=46&category[]=18&category[]=41&category[]=49\\\"' target='_blank' style=''>RARBG</a><span style='padding:0px 5px;color: #000;'>|</span><a style='display:inline-block;' href='https://so.youku.com/search_video/q_@' target='_blank' style=''>优酷视频</a><span style='padding:0px 5px;color: #000;'>|</span><a style='display:inline-block;' href='https://www.bd-film.cc/search.jspx?q=@' target='_blank' style=''>DB影视</a><span style='padding:0px 5px;color: #000;'>|</span><a style='display:inline-block;' href='http://search.pptv.com/s_video?kw=@&context=default' target='_blank' style=''>PP视频</a><span style='padding:0px 5px;color: #000;'>|</span><a style='display:inline-block;' href='https://www.ck180.net/search.html?q=@' target='_blank' style=''>CK电影部落</a><span style='padding:0px 5px;color: #000;'>|</span><a style='display:inline-block;' href='http://www.lbldy.com/search?q=@' target='_blank' style=''>龙部落</a><span style='padding:0px 5px;color: #000;'>|</span><a style='display:inline-block;' href='https://www.piaohua.com/plus/search.php?kwtype=0&keyword=@' target='_blank' style=''>飘花电影</a><span style='padding:0px 5px;color: #000;'>|</span><a style='display:inline-block;' href='https://www.yugaopian.cn/?keyword=@&view=search' target='_blank' style=''>预告片世界</a><span style='padding:0px 5px;color: #000;'>|</span><a style='display:inline-block;' href='http://gaoqing.la/?s=@' target='_blank' style=''>中国高清网</a><span style='padding:0px 5px;color: #000;'>|</span><a style='display:inline-block;' href='http://www.youzhidy.com/plus/search.php?kwtype=0&q=@' target='_blank' style=''>优质电影网</a><span style='padding:0px 5px;color: #000;'>|</span><a style='display:inline-block;' href='https://www.moviewg.com/index.php?keyword=@' target='_blank' style=''>电影王国</a><span style='padding:0px 5px;color: #000;'>|</span><a style='display:inline-block;' href='http://www.ibtbb.com/?s=@' target='_blank' style=''>思享</a><span style='padding:0px 5px;color: #000;'>|</span><a style='display:inline-block;' href='http://www.ttmeiju.vip/index.php/search/index.html?keyword=@' target='_blank' style=''>天天美剧</a><span style='padding:0px 5px;color: #000;'>|</span><a style='display:inline-block;' href='http://dbfansub.com/?s=@' target='_blank' style=''>电波字幕组</a><span style='padding:0px 5px;color: #000;'>|</span></div>\",\"html_cue_baidu_wenku\":\"<div style='width:560px;padding-left: 121px;font-size:14px;margin-top:5px;margin-bottom:10px;'><span style='color:#000;'><img style='width:13px;vertical-align:middle;padding-right:4px;' src='http://www.quzhuanpan.com/media/image/plugin/document.png'>文档传送：</span><a style='display:inline-block;' href='http://www.quzhuanpan.com/source/search.action?q=@&currentPage=1' target='_blank' style=''>去转盘网</a><span style='padding:0px 5px;color: #000;'>|</span><a style='display:inline-block;' href='http://www.wocali.com/s/search.action?q=@&currentPage=1' target='_blank' style=''>嚓哩文库</a><span style='padding:0px 5px;color: #000;'>|</span><a style='display:inline-block;' href='http://www.xkreading.com/?s=@' target='_blank' style=''>醒客读书</a><span style='padding:0px 5px;color: #000;'>|</span><a style='display:inline-block;' href='https://www.wenku1.net/list/@' target='_blank' style=''>第一文库网</a><span style='padding:0px 5px;color: #000;'>|</span><a style='display:inline-block;' href='http://8btc.com/doc-list.html?k=@&p=1&t=--&s=1&u=' target='_blank' style=''>巴比特</a><span style='padding:0px 5px;color: #000;'>|</span><a style='display:inline-block;' href='http://wenku.zixin.com.cn/search.php?kw=@' target='_blank' style=''>资信文库</a><span style='padding:0px 5px;color: #000;'>|</span><a style='display:inline-block;' href='http://www.doc88.com/tag/@' target='_blank' style=''>道客巴巴</a><span style='padding:0px 5px;color: #000;'>|</span><a style='display:inline-block;' href='http://www.docin.com/search.do?searchcat=1001&searchType_banner=p&nkey=@' target='_blank' style=''>豆丁</a><span style='padding:0px 5px;color: #000;'>|</span><a style='display:inline-block;' href='https://wenku.ofweek.com/modules/search.php?type_list=wk&title=@&x=0&y=0&type=1' target='_blank' style=''>技术文库</a><span style='padding:0px 5px;color: #000;'>|</span><a style='display:inline-block;' href='http://wenku.it168.com/search?key=@' target='_blank' style=''>IT168文库</a><span style='padding:0px 5px;color: #000;'>|</span><a style='display:inline-block;' href='http://wenku.foodmate.net/down/search.php?kw=@&fileext=' target='_blank' style=''>食品文库</a><span style='padding:0px 5px;color: #000;'>|</span><a style='display:inline-block;' href='http://zhzdwk.com/search?q=@' target='_blank' style=''>纵横知道文库</a><span style='padding:0px 5px;color: #000;'>|</span><a style='display:inline-block;' href='http://www.360doc.com/search.html?type=0&word=@' target='_blank' style=''>360doc</a><span style='padding:0px 5px;color: #000;'>|</span><a style='display:inline-block;' href='https://s.1688.com/wiki/wiki_search.htm?keywords=@&n=y&from=baikeSearch' target='_blank' style=''>文库</a><span style='padding:0px 5px;color: #000;'>|</span><a style='display:inline-block;' href='http://so.ixumu.com/cse/search?s=11028742910298575444&q=@' target='_blank' style=''>爱畜牧文库</a><span style='padding:0px 5px;color: #000;'>|</span><a style='display:inline-block;' href='http://www.pv265.com/' target='_blank' style=''>工程学习网</a><span style='padding:0px 5px;color: #000;'>|</span><a style='display:inline-block;' href='http://www.mswk.cn/' target='_blank' style=''>秘书文库</a><span style='padding:0px 5px;color: #000;'>|</span><a style='display:inline-block;' href='https://www.aozora.gr.jp/' target='_blank' style=''>青空文库</a><span style='padding:0px 5px;color: #000;'>|</span><a style='display:inline-block;' href='http://www.5ucom.com/list.html' target='_blank' style=''>无忧商务文档</a><span style='padding:0px 5px;color: #000;'>|</span></div>\"}"},"ts":1553743672051}