{"options":{"awareOfChrome":false,"check_for_updates":true,"comment":null,"compat_arrayleft":false,"compat_foreach":false,"compat_forvarin":false,"compat_metadata":false,"compat_uW_gmonkey":false,"compat_wrappedjsobject":false,"compatopts_for_requires":true,"noframes":null,"override":{"merge_connects":true,"merge_excludes":true,"merge_includes":true,"merge_matches":true,"orig_connects":[],"orig_excludes":[],"orig_includes":["*://pan.baidu.com/disk/home*","*://yun.baidu.com/disk/home*","*://pan.baidu.com/s/*","*://yun.baidu.com/s/*","*://pan.baidu.com/share/link*","*://yun.baidu.com/share/link*","*://*.zhihu.com/*","*://v.vzuu.com/video/*","*://v.youku.com/v_*","*://m.youku.com/v*","*://m.youku.com/a*","*://*.iqiyi.com/v_*","*://*.iqiyi.com/w_*","*://*.iqiyi.com/a_*","*://*.iqiyi.com/dianying/*","*://*.le.com/ptv/vplay/*","*v.qq.com/x/cover/*","*v.qq.com/x/page/*","*v.qq.com/play*","*v.qq.com/cover*","*://*.tudou.com/listplay/*","*://*.tudou.com/albumplay/*","*://*.tudou.com/programs/view/*","*://*.mgtv.com/b/*","*://film.sohu.com/album/*","*://tv.sohu.com/*","*://*.acfun.cn/v/*","*://*.bilibili.com/video/*","*://*.bilibili.com/anime/*","*://*.bilibili.com/bangumi/play/*","*://vip.pptv.com/show/*","*://v.pptv.com/show/*","*://*.baofeng.com/play/*","*://v.yinyuetai.com/video/*","*://v.yinyuetai.com/playlist/*","*://item.taobao.com/*","*://*detail.tmall.com/*","*://*detail.tmall.hk/*","*://s.taobao.com/*","*://ai.taobao.com/search/*","*://list.tmall.com/*","*://*.liangxinyao.com/*","*://2.taobao.com/*","*://s.2.taobao.com/*","*://trade.2.taobao.com/*","*://s.ershou.taobao.com/*"],"orig_matches":[],"orig_noframes":null,"orig_run_at":"document-idle","use_blockers":[],"use_connects":[],"use_excludes":[],"use_includes":[],"use_matches":[]},"run_at":null},"settings":{"enabled":true,"position":10},"meta":{"name":"懒人专用，全网VIP视频免费破解去广告，百度网盘直接下载、知乎视频下载等多合一版。2019全年更新，放心使用。","uuid":"e96770d4-d6ca-4f14-b3d1-8d8a0cc6a1c0","modified":1553649799322,"file_url":"https://greasyfork.org/scripts/370634-%E6%87%92%E4%BA%BA%E4%B8%93%E7%94%A8-%E5%85%A8%E7%BD%91vip%E8%A7%86%E9%A2%91%E7%A0%B4%E8%A7%A3%E5%8E%BB%E5%B9%BF%E5%91%8A%E5%85%8D%E8%B4%B9%E7%9C%8B-%E7%99%BE%E5%BA%A6%E7%BD%91%E7%9B%98%E7%9B%B4%E6%8E%A5%E4%B8%8B%E8%BD%BD-%E7%9F%A5%E4%B9%8E%E8%A7%86%E9%A2%91%E4%B8%8B%E8%BD%BD-%E5%92%B8%E9%B1%BC%E6%90%9C%E7%B4%A2%E6%A1%86%E7%AD%89%E5%A4%9A%E5%90%88%E4%B8%80%E7%89%88-1%E6%9C%8810%E6%97%A5%E5%A4%A7%E5%8D%87%E7%BA%A7/code/%E6%87%92%E4%BA%BA%E4%B8%93%E7%94%A8%EF%BC%8C%E5%85%A8%E7%BD%91VIP%E8%A7%86%E9%A2%91%E7%A0%B4%E8%A7%A3%E5%8E%BB%E5%B9%BF%E5%91%8A%E5%85%8D%E8%B4%B9%E7%9C%8B%EF%BC%8C%E7%99%BE%E5%BA%A6%E7%BD%91%E7%9B%98%E7%9B%B4%E6%8E%A5%E4%B8%8B%E8%BD%BD%E3%80%81%E7%9F%A5%E4%B9%8E%E8%A7%86%E9%A2%91%E4%B8%8B%E8%BD%BD%E3%80%81%E5%92%B8%E9%B1%BC%E6%90%9C%E7%B4%A2%E6%A1%86%E7%AD%89%E5%A4%9A%E5%90%88%E4%B8%80%E7%89%88%E3%80%821%E6%9C%8810%E6%97%A5%E5%A4%A7%E5%8D%87%E7%BA%A7%E3%80%82.user.js"}}