{"data":{"CatPW":"o{\"date\":\"2019/3/28\",\"sCode\":\"\",\"unPW\":\"\",\"Src\":\"https://www.lanzous.com/b393275\",\"surl\":\"\",\"Hash\":\"\",\"webSrc\":\"https%3A%2F%2Fwww.52pojie.cn%2Fthread-803100-1-1.html\",\"webTitle\":\"%E8%BF%85%E9%9B%B7X%2010.1.10.348%E6%AD%A3%E5%BC%8F%E7%89%88%E5%8E%BB%E5%B9%BF%E5%91%8A%E6%9C%AC%E5%9C%B0SVIP%20%E8%90%BD%E5%B0%98%E4%B9%8B%E6%9C%A8%E4%BF%AE%E6%94%B9%20%E5%AE%89%E8%A3%85%E7%89%88%2B%E4%BE%BF%E6%90%BA%E7%89%88%2BMini%E7%89%88%2B%E8%8B%B1%E6%96%87%E7%89%88%20-%20%E3%80%8E%E5%8E%9F%E5%88%9B%E5%8F%91%E5%B8%83%E5%8C%BA%E3%80%8F%20-%20%E5%90%BE%E7%88%B1%E7%A0%B4%E8%A7%A3%20-%20LCG%20-%20LSG%20%7C%E5%AE%89%E5%8D%93%E7%A0%B4%E8%A7%A3%7C%E7%97%85%E6%AF%92%E5%88%86%E6%9E%90%7C%E7%A0%B4%E8%A7%A3%E8%BD%AF%E4%BB%B6%7Cwww.52pojie.cn\"}","CatPW_Manage":"o{\"StorageSave\":true,\"UpdataConfig\":{\"UpdataSave\":true,\"UpdataNotify\":true,\"UpdataPlugin\":true,\"UpdataVersion\":\"3.10.3\"},\"StorageExp\":365}"},"ts":1553741020953}