{"options":{"awareOfChrome":false,"check_for_updates":true,"comment":null,"compat_arrayleft":false,"compat_foreach":false,"compat_forvarin":false,"compat_metadata":false,"compat_uW_gmonkey":false,"compat_wrappedjsobject":false,"compatopts_for_requires":true,"noframes":null,"override":{"merge_connects":true,"merge_excludes":true,"merge_includes":true,"merge_matches":true,"orig_connects":["*"],"orig_excludes":["https://*/follows_comments*","http*://*collections?show_followings=on"],"orig_includes":["https://movie.douban.com/"],"orig_matches":["https://movie.douban.com/*"],"orig_noframes":null,"orig_run_at":"document-start","use_blockers":[],"use_connects":[],"use_excludes":[],"use_includes":[],"use_matches":[]},"run_at":null},"settings":{"enabled":true,"position":20},"meta":{"name":"豆瓣电影助手|douban movie helper","uuid":"709582d1-8761-4a20-88a3-88e2ef2f4805","modified":1552004694975,"file_url":"https://greasyfork.org/scripts/36866-%E8%B1%86%E7%93%A3%E7%94%B5%E5%BD%B1%E5%8A%A9%E6%89%8B-douban-movie-helper/code/%E8%B1%86%E7%93%A3%E7%94%B5%E5%BD%B1%E5%8A%A9%E6%89%8B%7Cdouban%20movie%20helper.user.js"}}