{"options":{"check_for_updates":true,"comment":null,"compatopts_for_requires":true,"compat_wrappedjsobject":false,"compat_metadata":false,"compat_foreach":false,"compat_arrayleft":false,"compat_uW_gmonkey":false,"compat_forvarin":false,"noframes":null,"awareOfChrome":false,"run_at":null,"override":{"use_includes":[],"orig_includes":["https://bbs.csdn.net/topics/*","https://*.iteye.com/blog/*","https://*.iteye.com/news/*","https://ask.csdn.net/questions/*"],"merge_includes":true,"use_matches":[],"orig_matches":["*://blog.csdn.net/*/article/details/*","*://*.blog.csdn.net/article/details/*","<$URL$>"],"merge_matches":true,"use_excludes":[],"orig_excludes":[],"merge_excludes":true,"use_connects":[],"merge_connects":true,"use_blockers":[],"orig_run_at":"document-start","orig_noframes":null,"orig_connects":[]}},"settings":{"enabled":true,"position":27},"meta":{"name":"CSDN 去广告沉浸阅读模式","uuid":"fc01bafa-98be-49f5-b04e-3ab0ef178585","modified":1569221771981,"file_url":"https://greasyfork.org/scripts/373457-csdn-%E5%8E%BB%E5%B9%BF%E5%91%8A%E6%B2%89%E6%B5%B8%E9%98%85%E8%AF%BB%E6%A8%A1%E5%BC%8F/code/CSDN%20%E5%8E%BB%E5%B9%BF%E5%91%8A%E6%B2%89%E6%B5%B8%E9%98%85%E8%AF%BB%E6%A8%A1%E5%BC%8F.user.js"}}