{"options":{"awareOfChrome":false,"check_for_updates":true,"comment":null,"compat_arrayleft":false,"compat_foreach":false,"compat_forvarin":false,"compat_metadata":false,"compat_uW_gmonkey":false,"compat_wrappedjsobject":false,"compatopts_for_requires":true,"noframes":null,"override":{"merge_connects":true,"merge_excludes":true,"merge_includes":true,"merge_matches":true,"orig_connects":[],"orig_excludes":[],"orig_includes":[],"orig_matches":["*://*.csdn.net/*","*://www.iteye.com/*"],"orig_noframes":null,"orig_run_at":"document-start","use_blockers":[],"use_connects":[],"use_excludes":[],"use_includes":[],"use_matches":[]},"run_at":null},"settings":{"enabled":true,"position":25},"meta":{"name":"CSDN、ITeye 彻底去广告，自动展开，去弹窗，免会员，净化剪贴板，防止跳转，上次测试完全可用：2019.08.29","uuid":"0a833f5b-6a01-4c3c-a5e8-1cc222cfeef1","modified":1569221316734,"file_url":"https://greasyfork.org/scripts/386941-csdn-iteye-%E5%BD%BB%E5%BA%95%E5%8E%BB%E5%B9%BF%E5%91%8A-%E8%87%AA%E5%8A%A8%E5%B1%95%E5%BC%80-%E5%8E%BB%E5%BC%B9%E7%AA%97-%E5%85%8D%E4%BC%9A%E5%91%98-%E5%87%80%E5%8C%96%E5%89%AA%E8%B4%B4%E6%9D%BF-%E9%98%B2%E6%AD%A2%E8%B7%B3%E8%BD%AC-%E4%B8%8A%E6%AC%A1%E6%B5%8B%E8%AF%95%E5%AE%8C%E5%85%A8%E5%8F%AF%E7%94%A8-2019-08-29/code/CSDN%E3%80%81ITeye%20%E5%BD%BB%E5%BA%95%E5%8E%BB%E5%B9%BF%E5%91%8A%EF%BC%8C%E8%87%AA%E5%8A%A8%E5%B1%95%E5%BC%80%EF%BC%8C%E5%8E%BB%E5%BC%B9%E7%AA%97%EF%BC%8C%E5%85%8D%E4%BC%9A%E5%91%98%EF%BC%8C%E5%87%80%E5%8C%96%E5%89%AA%E8%B4%B4%E6%9D%BF%EF%BC%8C%E9%98%B2%E6%AD%A2%E8%B7%B3%E8%BD%AC%EF%BC%8C%E4%B8%8A%E6%AC%A1%E6%B5%8B%E8%AF%95%E5%AE%8C%E5%85%A8%E5%8F%AF%E7%94%A8%EF%BC%9A20190829.user.js"}}