{"options":{"check_for_updates":true,"comment":null,"compatopts_for_requires":true,"compat_wrappedjsobject":false,"compat_metadata":false,"compat_foreach":false,"compat_arrayleft":false,"compat_uW_gmonkey":false,"compat_forvarin":false,"noframes":null,"awareOfChrome":false,"run_at":null,"override":{"use_includes":[],"orig_includes":[],"merge_includes":true,"use_matches":[],"orig_matches":["*://blog.csdn.net/*","*://bbs.csdn.net/*","*://download.csdn.net/*","*://www.csdn.net/*"],"merge_matches":true,"use_excludes":[],"orig_excludes":[],"merge_excludes":true,"use_connects":[],"merge_connects":true,"use_blockers":[],"orig_run_at":"document-body","orig_noframes":null,"orig_connects":[]}},"settings":{"enabled":true,"position":28},"meta":{"name":"Fuck CSDN","uuid":"97bbae75-0308-4794-b229-a900ca41f082","modified":1569221792420,"file_url":"https://greasyfork.org/scripts/374950-csdn/code/Fuck%20CSDN.user.js"}}