{"options":{"awareOfChrome":false,"check_for_updates":true,"comment":null,"compat_arrayleft":false,"compat_foreach":false,"compat_forvarin":false,"compat_metadata":false,"compat_uW_gmonkey":false,"compat_wrappedjsobject":false,"compatopts_for_requires":true,"noframes":null,"override":{"merge_connects":true,"merge_excludes":true,"merge_includes":true,"merge_matches":true,"orig_connects":[],"orig_excludes":[],"orig_includes":["http*://item.taobao.com/*","http*://detail.tmall.com/*","http*://item.jd.com/*"],"orig_matches":[],"orig_noframes":null,"orig_run_at":"document-end","use_blockers":[],"use_connects":[],"use_excludes":[],"use_includes":[],"use_matches":[]},"run_at":null},"settings":{"enabled":true,"position":23},"meta":{"name":"【淘宝】【天猫】内部优惠券 一键免费领取 购物前领一下 直接省钱30%以上 2019.8.15更新","uuid":"08de3fc6-1ce2-40cf-9161-2c0a0c060aa3","modified":1565924120615,"file_url":"https://greasyfork.org/scripts/368366-%E6%B7%98%E5%AE%9D-%E5%A4%A9%E7%8C%AB-%E4%BA%AC%E4%B8%9C-%E5%86%85%E9%83%A8%E4%BC%98%E6%83%A0%E5%88%B8-%E4%B8%80%E9%94%AE%E5%85%8D%E8%B4%B9%E9%A2%86%E5%8F%96-%E8%B4%AD%E7%89%A9%E5%89%8D%E9%A2%86%E4%B8%80%E4%B8%8B-%E7%9B%B4%E6%8E%A5%E7%9C%81%E9%92%B130-%E4%BB%A5%E4%B8%8A-2019-5-19%E6%9B%B4%E6%96%B0/code/%E3%80%90%E6%B7%98%E5%AE%9D%E3%80%91%E3%80%90%E5%A4%A9%E7%8C%AB%E3%80%91%E3%80%90%E4%BA%AC%E4%B8%9C%E3%80%91%E5%86%85%E9%83%A8%E4%BC%98%E6%83%A0%E5%88%B8%20%E4%B8%80%E9%94%AE%E5%85%8D%E8%B4%B9%E9%A2%86%E5%8F%96%20%E8%B4%AD%E7%89%A9%E5%89%8D%E9%A2%86%E4%B8%80%E4%B8%8B%20%E7%9B%B4%E6%8E%A5%E7%9C%81%E9%92%B130%25%E4%BB%A5%E4%B8%8A%202019519%E6%9B%B4%E6%96%B0.user.js"}}