{"options":{"awareOfChrome":false,"check_for_updates":true,"comment":null,"compat_arrayleft":false,"compat_foreach":false,"compat_forvarin":false,"compat_metadata":false,"compat_uW_gmonkey":false,"compat_wrappedjsobject":false,"compatopts_for_requires":true,"noframes":null,"override":{"merge_connects":true,"merge_excludes":true,"merge_includes":true,"merge_matches":true,"orig_excludes":[],"orig_includes":[],"orig_matches":["*://*/*"],"orig_noframes":null,"orig_run_at":"document-end","use_blockers":[],"use_connects":[],"use_excludes":[],"use_includes":[],"use_matches":[]},"run_at":null},"settings":{"enabled":true,"position":7},"meta":{"name":"【转盘助手油猴版】网盘链接状态实时判断+资源搜索网站导航++","uuid":"a05eb7f6-6e86-4eee-9cd0-fd593543de3c","modified":1547688652411,"file_url":"https://greasyfork.org/scripts/375893-%E8%B5%84%E6%BA%90%E6%90%9C%E7%B4%A2%E7%BD%91%E7%AB%99%E5%AF%BC%E8%88%AA/code/%E8%B5%84%E6%BA%90%E6%90%9C%E7%B4%A2%E7%BD%91%E7%AB%99%E5%AF%BC%E8%88%AA.user.js"}}