{"options":{"awareOfChrome":false,"check_for_updates":true,"comment":null,"compat_arrayleft":false,"compat_foreach":false,"compat_forvarin":false,"compat_metadata":false,"compat_uW_gmonkey":false,"compat_wrappedjsobject":false,"compatopts_for_requires":true,"noframes":null,"override":{"merge_connects":true,"merge_excludes":true,"merge_includes":true,"merge_matches":true,"orig_connects":["*"],"orig_excludes":["https://www.baidu.com/home*","https://www.baidu.com/sf*","https://www.baidu.com/search*","https://www.baidu.com/link*","https://www.baidu.com/s*tn=news*"],"orig_includes":["https://www.baidu.com/","https://www.baidu.com/s?*","https://www.baidu.com/baidu?*"],"orig_matches":[],"orig_noframes":null,"orig_run_at":"document-start","use_blockers":[],"use_connects":["*"],"use_excludes":[],"use_includes":[],"use_matches":[]},"run_at":null},"settings":{"enabled":true,"position":8},"meta":{"name":"百度搜索 - 优化","uuid":"d8faa7a9-04d2-4fd0-ae74-6a3efe314287","modified":1569198472211,"file_url":"https://greasyfork.org/scripts/31642-%E7%99%BE%E5%BA%A6%E6%90%9C%E7%B4%A2-%E4%BC%98%E5%8C%96/code/%E7%99%BE%E5%BA%A6%E6%90%9C%E7%B4%A2%20-%20%E4%BC%98%E5%8C%96.user.js"}}