{"data":{"CatPW":"o{\"date\":\"2019/9/20\",\"sCode\":\"\",\"unPW\":\"\",\"Src\":\"https://pan.baidu.com/s/1W_RJncCSuzrvNL4EA6wn-Q#6797\",\"surl\":\"\",\"Hash\":\"#6797\",\"webSrc\":\"https%3A%2F%2Fwww.52pojie.cn%2Fthread-961393-1-1.html\",\"webTitle\":\"%E9%85%B7%E6%88%91%E9%9F%B3%E4%B9%90ios%E7%A0%B4%E8%A7%A3%E7%89%88%20%E7%9B%B4%E6%8E%A5%E5%AE%89%E8%A3%85%E7%89%88deb%E6%8F%92%E4%BB%B6%20-%20%E3%80%8E%E7%B2%BE%E5%93%81%E8%BD%AF%E4%BB%B6%E5%8C%BA%E3%80%8F%20-%20%E5%90%BE%E7%88%B1%E7%A0%B4%E8%A7%A3%20-%20LCG%20-%20LSG%20%7C%E5%AE%89%E5%8D%93%E7%A0%B4%E8%A7%A3%7C%E7%97%85%E6%AF%92%E5%88%86%E6%9E%90%7C%E7%A0%B4%E8%A7%A3%E8%BD%AF%E4%BB%B6%7Cwww.52pojie.cn\"}","CatPW_Manage":"o{\"StorageSave\":true,\"UpdataConfig\":{\"UpdataSave\":true,\"UpdataNotify\":true,\"UpdataPlugin\":true,\"UpdataVersion\":\"3.12.6\"},\"StorageExp\":365}"},"ts":1568963123898}