{"options":{"awareOfChrome":false,"check_for_updates":true,"comment":null,"compat_arrayleft":false,"compat_foreach":false,"compat_forvarin":false,"compat_metadata":false,"compat_uW_gmonkey":false,"compat_wrappedjsobject":false,"compatopts_for_requires":true,"noframes":null,"override":{"merge_connects":true,"merge_excludes":true,"merge_includes":true,"merge_matches":true,"orig_connects":[],"orig_excludes":[],"orig_includes":[],"orig_matches":["*://item.taobao.com/*","*://detail.tmall.com/*","*://detail.tmall.hk/*","*://chaoshi.detail.tmall.com/*","*://detail.liangxinyao.com/*"],"orig_noframes":null,"orig_run_at":"document-end","use_blockers":[],"use_connects":[],"use_excludes":[],"use_includes":[],"use_matches":[]},"run_at":null},"settings":{"enabled":true,"position":15},"meta":{"name":"自动查询淘宝taobao，天猫tmall内部隐藏大额优惠券,支持天猫超市、天猫国际站,一键直达领取页面，简单又省钱","uuid":"8c9e8e1a-3698-4970-804e-cb670aac0dd9","modified":1568075936092,"file_url":"https://greasyfork.org/scripts/375548-%E4%B8%80%E9%94%AE%E9%A2%86%E5%8F%96%E6%B7%98%E5%AE%9Dtaobao-%E5%A4%A9%E7%8C%ABtmall%E9%9A%90%E8%97%8F%E5%86%85%E9%83%A8%E5%A4%A7%E9%A2%9D%E4%BC%98%E6%83%A0%E5%88%B8%E4%B8%80%E9%94%AE%E7%9C%8B%E7%88%B1%E5%A5%87%E8%89%BA-%E8%85%BE%E8%AE%AF-%E4%BC%98%E9%85%B7-%E8%8A%92%E6%9E%9Ctv-%E4%B9%90%E8%A7%86-pptv%E7%AD%89vip%E8%A7%86%E9%A2%91/code/%E4%B8%80%E9%94%AE%E9%A2%86%E5%8F%96%E6%B7%98%E5%AE%9Dtaobao%EF%BC%8C%E5%A4%A9%E7%8C%ABtmall%E9%9A%90%E8%97%8F%E5%86%85%E9%83%A8%E5%A4%A7%E9%A2%9D%E4%BC%98%E6%83%A0%E5%88%B8%E4%B8%80%E9%94%AE%E7%9C%8B%E7%88%B1%E5%A5%87%E8%89%BA%EF%BC%8C%E8%85%BE%E8%AE%AF%EF%BC%8C%E4%BC%98%E9%85%B7%EF%BC%8C%E8%8A%92%E6%9E%9Ctv%EF%BC%8C%E4%B9%90%E8%A7%86%EF%BC%8Cpptv%E7%AD%89VIP%E8%A7%86%E9%A2%91.user.js"}}